Id_Suscription;Id_Plan;Suscription Date;End Date
1;2;15/4/2024;18/3/2025
2;4;15/7/2023;29/3/2024
3;2;2/4/2024;5/4/2024
4;4;12/2/2024;21/11/2024
5;3;18/10/2023;15/7/2024
6;2;15/5/2024;24/11/2024
7;2;26/10/2023;13/12/2023
8;2;2/2/2024;14/2/2024
9;1;3/1/2024;N/A
10;1;5/12/2023;N/A
11;4;14/12/2023;27/7/2024
12;5;5/3/2024;12/12/2024
13;2;18/10/2023;26/10/2023
14;3;14/2/2024;24/11/2024
15;2;21/11/2023;25/2/2024
16;3;28/12/2023;11/6/2024
17;3;19/8/2023;24/4/2024
18;5;27/10/2023;5/2/2024
19;1;22/8/2023;N/A
20;5;28/4/2024;17/12/2024
21;2;6/9/2023;6/9/2023
22;1;6/10/2023;N/A
23;4;15/10/2023;7/11/2023
24;5;19/6/2024;30/9/2024
25;4;26/1/2024;27/8/2024
26;5;9/7/2023;6/5/2024
27;2;18/5/2024;3/2/2025
28;3;24/2/2024;5/6/2024
29;4;5/5/2024;5/11/2024
30;5;20/2/2024;31/8/2024
31;3;19/1/2024;19/8/2024
32;3;29/10/2023;3/6/2024
33;2;15/3/2024;19/2/2025
34;3;17/5/2024;12/11/2024
35;4;25/3/2024;25/2/2025
36;3;9/7/2023;7/6/2024
37;2;3/6/2024;7/10/2024
38;1;2/8/2023;N/A
39;1;11/7/2023;N/A
40;4;30/9/2023;27/9/2024
41;4;2/12/2023;13/5/2024
42;5;13/2/2024;7/7/2024
43;4;22/5/2024;11/6/2024
44;1;27/2/2024;N/A
45;4;4/10/2023;7/7/2024
46;2;7/10/2023;13/8/2024
47;1;15/11/2023;N/A
48;2;11/12/2023;20/6/2024
49;2;13/8/2023;23/7/2024
50;1;21/12/2023;N/A
51;2;28/9/2023;23/11/2023
52;5;17/12/2023;9/2/2024
53;4;19/12/2023;16/5/2024
54;2;27/10/2023;29/5/2024
55;4;4/4/2024;26/12/2024
56;1;17/2/2024;N/A
57;2;11/5/2024;15/7/2024
58;2;18/4/2024;18/7/2024
59;3;6/8/2023;25/6/2024
60;2;29/8/2023;11/2/2024
61;4;10/10/2023;14/9/2024
62;4;12/3/2024;11/11/2024
63;3;1/6/2024;5/1/2025
64;5;18/1/2024;14/4/2024
65;4;15/2/2024;30/9/2024
66;1;21/1/2024;N/A
67;4;17/11/2023;18/2/2024
68;3;3/11/2023;21/1/2024
69;4;22/8/2023;11/3/2024
70;3;28/12/2023;14/11/2024
71;4;31/10/2023;10/2/2024
72;3;26/2/2024;21/12/2024
73;5;3/4/2024;24/9/2024
74;5;26/7/2023;31/10/2023
75;4;15/6/2024;16/3/2025
76;1;29/9/2023;N/A
77;2;28/10/2023;25/8/2024
78;5;5/6/2024;16/10/2024
79;2;20/4/2024;14/2/2025
80;4;10/3/2024;2/12/2024
81;3;29/11/2023;19/4/2024
82;5;26/11/2023;15/8/2024
83;1;26/10/2023;N/A
84;1;26/9/2023;N/A
85;3;16/10/2023;25/8/2024
86;4;9/1/2024;5/6/2024
87;3;30/5/2024;15/6/2024
88;5;6/2/2024;31/7/2024
89;3;2/7/2023;23/5/2024
90;4;19/1/2024;11/1/2025
91;2;7/8/2023;21/1/2024
92;1;30/6/2023;N/A
93;2;23/4/2024;25/11/2024
94;5;14/12/2023;24/8/2024
95;3;15/8/2023;2/12/2023
96;4;3/4/2024;8/4/2024
97;3;1/7/2023;21/8/2023
98;4;30/6/2023;21/8/2023
99;3;6/5/2024;22/5/2024
100;5;9/8/2023;23/6/2024
101;2;30/1/2024;11/3/2024
102;4;15/5/2024;21/3/2025
103;1;27/1/2024;N/A
104;1;14/11/2023;N/A
105;1;25/7/2023;N/A
106;3;11/7/2023;11/10/2023
107;3;25/6/2023;8/2/2024
108;3;19/9/2023;21/6/2024
109;2;15/9/2023;22/3/2024
110;2;2/6/2024;14/4/2025
111;3;6/6/2024;27/7/2024
112;3;21/5/2024;6/10/2024
113;1;15/2/2024;N/A
114;3;4/1/2024;25/10/2024
115;5;18/11/2023;29/10/2024
116;5;12/9/2023;25/1/2024
117;4;24/10/2023;27/6/2024
118;4;29/9/2023;21/10/2023
119;2;17/9/2023;18/11/2023
120;4;8/2/2024;8/11/2024
121;3;27/8/2023;26/9/2023
122;4;3/6/2024;22/12/2024
123;5;13/3/2024;16/1/2025
124;1;14/5/2024;N/A
125;3;14/5/2024;10/9/2024
126;2;6/9/2023;16/5/2024
127;5;8/10/2023;18/11/2023
128;3;9/8/2023;2/10/2023
129;4;10/6/2024;5/6/2025
130;4;13/10/2023;1/10/2024
131;4;22/4/2024;14/4/2025
132;1;21/9/2023;N/A
133;3;16/3/2024;26/5/2024
134;2;19/5/2024;19/1/2025
135;2;1/1/2024;27/11/2024
136;2;4/8/2023;17/12/2023
137;2;12/6/2024;6/12/2024
138;1;10/4/2024;N/A
139;3;25/7/2023;26/7/2023
140;2;1/2/2024;21/5/2024
141;2;19/12/2023;12/2/2024
142;4;26/11/2023;10/12/2023
143;4;10/6/2024;4/7/2024
144;5;12/5/2024;8/4/2025
145;5;5/1/2024;10/12/2024
146;1;8/10/2023;N/A
147;5;2/6/2024;28/6/2024
148;4;2/3/2024;5/8/2024
149;3;11/5/2024;13/10/2024
150;3;21/11/2023;1/2/2024
151;5;7/10/2023;31/8/2024
152;3;15/11/2023;5/3/2024
153;4;9/12/2023;6/4/2024
154;3;12/1/2024;27/5/2024
155;3;23/3/2024;25/2/2025
156;2;24/11/2023;22/12/2023
157;3;16/4/2024;17/11/2024
158;3;16/11/2023;20/4/2024
159;2;19/10/2023;24/10/2023
160;1;16/8/2023;N/A
161;3;9/10/2023;5/11/2023
162;5;8/7/2023;25/6/2024
163;4;22/8/2023;4/11/2023
164;4;21/8/2023;19/1/2024
165;5;9/4/2024;31/12/2024
166;1;6/7/2023;N/A
167;2;5/8/2023;9/10/2023
168;4;25/3/2024;21/11/2024
169;1;4/3/2024;N/A
170;1;9/1/2024;N/A
171;4;7/11/2023;13/1/2024
172;3;2/11/2023;23/11/2023
173;3;4/4/2024;15/12/2024
174;2;22/1/2024;28/2/2024
175;1;4/9/2023;N/A
176;5;2/5/2024;25/12/2024
177;4;15/7/2023;7/7/2024
178;4;29/5/2024;29/10/2024
179;2;8/6/2024;11/7/2024
180;3;3/11/2023;24/5/2024
181;5;24/8/2023;28/1/2024
182;4;30/3/2024;17/6/2024
183;3;1/11/2023;21/10/2024
184;4;16/3/2024;18/1/2025
185;4;21/7/2023;15/12/2023
186;5;20/1/2024;3/6/2024
187;3;10/6/2024;11/7/2024
188;1;20/3/2024;N/A
189;4;23/12/2023;12/12/2024
190;3;13/10/2023;7/8/2024
191;3;2/11/2023;9/1/2024
192;3;27/2/2024;22/2/2025
193;3;1/2/2024;19/4/2024
194;3;30/4/2024;11/9/2024
195;1;26/4/2024;N/A
196;1;30/3/2024;N/A
197;1;24/10/2023;N/A
198;3;10/7/2023;15/1/2024
199;1;1/8/2023;N/A
200;1;30/11/2023;N/A
201;2;24/12/2023;14/7/2024
202;3;11/1/2024;13/2/2024
203;1;21/7/2023;N/A
204;3;24/4/2024;30/8/2024
205;1;4/10/2023;N/A
206;4;8/12/2023;14/6/2024
207;5;12/8/2023;28/4/2024
208;2;27/2/2024;20/10/2024
209;2;12/5/2024;30/5/2024
210;1;29/12/2023;N/A
211;5;8/6/2024;26/3/2025
212;5;27/11/2023;27/2/2024
213;4;16/8/2023;23/5/2024
214;1;10/2/2024;N/A
215;5;19/5/2024;12/7/2024
216;5;21/5/2024;1/6/2024
217;4;1/3/2024;10/6/2024
218;2;12/7/2023;9/6/2024
219;3;12/9/2023;8/7/2024
220;3;24/8/2023;18/9/2023
221;4;21/8/2023;10/7/2024
222;4;12/4/2024;11/7/2024
223;3;18/5/2024;18/12/2024
224;3;16/11/2023;8/6/2024
225;3;27/3/2024;22/8/2024
226;3;2/5/2024;5/11/2024
227;4;28/11/2023;20/6/2024
228;5;14/2/2024;1/12/2024
229;3;19/8/2023;23/2/2024
230;3;18/5/2024;13/11/2024
231;3;7/4/2024;8/12/2024
232;3;8/2/2024;2/6/2024
233;2;25/11/2023;13/7/2024
234;2;11/3/2024;15/5/2024
235;1;20/5/2024;N/A
236;2;12/8/2023;15/5/2024
237;3;27/2/2024;31/3/2024
238;2;15/2/2024;16/3/2024
239;2;14/5/2024;24/3/2025
240;5;5/10/2023;10/7/2024
241;1;24/9/2023;N/A
242;4;28/5/2024;3/8/2024
243;3;12/3/2024;27/1/2025
244;3;8/5/2024;3/11/2024
245;5;3/7/2023;12/6/2024
246;3;16/5/2024;15/3/2025
247;5;15/4/2024;7/11/2024
248;1;8/1/2024;N/A
249;2;3/9/2023;4/3/2024
250;3;27/9/2023;20/6/2024
251;1;28/1/2024;N/A
252;4;18/6/2024;16/3/2025
253;1;25/7/2023;N/A
254;4;1/1/2024;9/12/2024
255;4;12/1/2024;7/6/2024
256;2;18/2/2024;29/11/2024
257;3;25/8/2023;25/5/2024
258;2;25/8/2023;2/5/2024
259;3;11/11/2023;24/12/2023
260;3;14/9/2023;3/9/2024
261;3;12/5/2024;3/8/2024
262;4;9/1/2024;9/7/2024
263;3;13/1/2024;14/5/2024
264;1;30/7/2023;N/A
265;4;21/5/2024;4/5/2025
266;2;11/10/2023;2/10/2024
267;3;9/8/2023;5/11/2023
268;5;25/8/2023;14/5/2024
269;4;13/2/2024;12/5/2024
270;1;10/5/2024;N/A
271;3;11/12/2023;7/8/2024
272;2;11/5/2024;26/1/2025
273;2;24/3/2024;15/10/2024
274;2;6/11/2023;4/6/2024
275;4;10/6/2024;6/8/2024
276;2;5/10/2023;18/4/2024
277;1;17/11/2023;N/A
278;3;13/6/2024;10/8/2024
279;4;1/4/2024;9/10/2024
280;4;28/2/2024;16/7/2024
281;4;22/10/2023;28/11/2023
282;4;13/11/2023;30/4/2024
283;1;14/4/2024;N/A
284;5;1/6/2024;15/7/2024
285;4;7/7/2023;25/3/2024
286;5;30/11/2023;4/10/2024
287;3;3/12/2023;19/5/2024
288;4;23/12/2023;18/7/2024
289;4;4/12/2023;16/2/2024
290;5;12/9/2023;24/9/2023
291;4;25/4/2024;3/1/2025
292;5;24/6/2023;27/6/2023
293;5;16/2/2024;29/6/2024
294;1;13/6/2024;N/A
295;1;8/11/2023;N/A
296;3;12/11/2023;22/5/2024
297;1;4/6/2024;N/A
298;5;5/4/2024;22/1/2025
299;1;10/5/2024;N/A
300;4;7/5/2024;30/10/2024
301;5;27/9/2023;11/1/2024
302;5;2/3/2024;15/11/2024
303;2;13/8/2023;28/4/2024
304;3;11/7/2023;4/5/2024
305;3;25/6/2023;15/12/2023
306;1;17/7/2023;N/A
307;2;14/1/2024;7/6/2024
308;3;1/6/2024;23/9/2024
309;3;28/9/2023;10/7/2024
310;4;25/4/2024;5/12/2024
311;4;8/3/2024;22/11/2024
312;4;30/4/2024;12/11/2024
313;1;20/4/2024;N/A
314;2;7/9/2023;12/5/2024
315;5;29/6/2023;19/9/2023
316;2;17/2/2024;5/12/2024
317;5;13/2/2024;3/6/2024
318;3;23/2/2024;28/4/2024
319;5;11/4/2024;10/4/2025
320;4;11/2/2024;26/3/2024
321;1;14/1/2024;N/A
322;1;29/2/2024;N/A
323;1;10/8/2023;N/A
324;1;21/8/2023;N/A
325;3;9/5/2024;31/1/2025
326;1;20/5/2024;N/A
327;5;13/12/2023;15/7/2024
328;3;27/3/2024;5/8/2024
329;2;10/9/2023;15/1/2024
330;1;10/10/2023;N/A
331;2;9/10/2023;28/12/2023
332;5;3/2/2024;3/7/2024
333;3;27/3/2024;29/1/2025
334;3;23/6/2023;2/1/2024
335;3;23/7/2023;1/4/2024
336;4;3/5/2024;15/6/2024
337;2;8/2/2024;23/3/2024
338;4;9/10/2023;12/5/2024
339;3;1/12/2023;23/9/2024
340;5;9/1/2024;15/4/2024
341;4;1/10/2023;28/8/2024
342;4;23/10/2023;20/2/2024
343;4;16/7/2023;11/4/2024
344;3;7/12/2023;13/4/2024
345;5;21/7/2023;14/12/2023
346;2;31/10/2023;18/4/2024
347;4;11/5/2024;12/5/2024
348;4;20/10/2023;10/3/2024
349;1;27/4/2024;N/A
350;5;2/7/2023;27/2/2024
351;4;26/6/2023;14/8/2023
352;2;4/2/2024;7/7/2024
353;1;6/7/2023;N/A
354;5;22/9/2023;8/8/2024
355;5;27/8/2023;18/7/2024
356;4;26/6/2023;3/3/2024
357;4;16/12/2023;30/11/2024
358;1;9/6/2024;N/A
359;2;22/7/2023;1/7/2024
360;2;29/3/2024;3/10/2024
361;1;15/4/2024;N/A
362;5;19/10/2023;22/6/2024
363;3;11/11/2023;27/12/2023
364;4;30/11/2023;7/10/2024
365;4;26/2/2024;12/2/2025
366;1;3/8/2023;N/A
367;3;2/9/2023;23/9/2023
368;2;22/1/2024;26/4/2024
369;2;22/8/2023;7/10/2023
370;1;12/7/2023;N/A
371;2;8/5/2024;4/4/2025
372;5;19/1/2024;30/7/2024
373;3;25/5/2024;13/8/2024
374;1;13/4/2024;N/A
375;2;19/11/2023;26/8/2024
376;5;20/3/2024;18/12/2024
377;2;10/8/2023;14/10/2023
378;1;14/6/2024;N/A
379;2;15/9/2023;17/2/2024
380;2;12/4/2024;28/8/2024
381;3;19/12/2023;14/6/2024
382;4;15/2/2024;12/12/2024
383;4;22/4/2024;1/4/2025
384;2;27/4/2024;16/5/2024
385;5;8/10/2023;24/11/2023
386;1;12/9/2023;N/A
387;4;28/4/2024;14/9/2024
388;3;30/9/2023;1/2/2024
389;4;8/4/2024;2/6/2024
390;4;8/5/2024;25/5/2024
391;2;3/12/2023;4/10/2024
392;3;6/1/2024;13/7/2024
393;4;31/12/2023;8/7/2024
394;2;5/10/2023;13/10/2023
395;4;16/1/2024;17/11/2024
396;1;22/12/2023;N/A
397;5;4/8/2023;4/1/2024
398;1;17/3/2024;N/A
399;5;7/7/2023;3/2/2024
400;1;26/3/2024;N/A
401;1;12/3/2024;N/A
402;5;31/3/2024;30/6/2024
403;1;9/9/2023;N/A
404;3;9/4/2024;2/6/2024
405;1;30/5/2024;N/A
406;1;27/2/2024;N/A
407;4;20/5/2024;4/2/2025
408;5;25/5/2024;10/2/2025
409;3;15/5/2024;18/2/2025
410;1;20/7/2023;N/A
411;3;8/3/2024;27/11/2024
412;5;6/4/2024;24/7/2024
413;3;24/4/2024;7/6/2024
414;1;26/8/2023;N/A
415;2;26/7/2023;11/12/2023
416;1;3/7/2023;N/A
417;1;15/12/2023;N/A
418;4;1/8/2023;4/9/2023
419;5;31/8/2023;3/1/2024
420;1;3/8/2023;N/A
421;3;10/2/2024;10/10/2024
422;4;15/1/2024;13/2/2024
423;2;23/11/2023;31/1/2024
424;5;27/11/2023;12/6/2024
425;2;10/12/2023;26/3/2024
426;1;10/4/2024;N/A
427;1;5/3/2024;N/A
428;3;8/8/2023;7/12/2023
429;4;25/12/2023;17/3/2024
430;3;20/9/2023;2/7/2024
431;3;16/1/2024;10/4/2024
432;1;26/10/2023;N/A
433;1;16/12/2023;N/A
434;1;24/3/2024;N/A
435;2;11/1/2024;19/10/2024
436;4;6/2/2024;25/12/2024
437;5;25/3/2024;19/7/2024
438;1;19/9/2023;N/A
439;5;17/3/2024;21/2/2025
440;1;29/1/2024;N/A
441;3;6/8/2023;8/8/2023
442;3;1/5/2024;7/10/2024
443;1;29/2/2024;N/A
444;1;17/6/2024;N/A
445;2;29/2/2024;4/3/2024
446;4;11/12/2023;18/6/2024
447;5;6/6/2024;10/2/2025
448;1;30/5/2024;N/A
449;2;7/12/2023;29/8/2024
450;4;5/9/2023;31/8/2024
451;5;16/8/2023;13/1/2024
452;2;1/9/2023;7/6/2024
453;4;11/5/2024;27/11/2024
454;3;27/9/2023;19/12/2023
455;2;19/2/2024;27/2/2024
456;2;6/8/2023;28/11/2023
457;3;18/3/2024;16/1/2025
458;4;26/2/2024;1/10/2024
459;2;6/2/2024;26/10/2024
460;1;20/8/2023;N/A
461;4;11/7/2023;8/7/2024
462;2;17/4/2024;30/6/2024
463;1;5/11/2023;N/A
464;4;19/1/2024;14/1/2025
465;3;10/7/2023;4/1/2024
466;1;9/4/2024;N/A
467;1;29/10/2023;N/A
468;5;27/1/2024;26/3/2024
469;1;23/1/2024;N/A
470;1;24/9/2023;N/A
471;4;17/12/2023;5/8/2024
472;1;31/10/2023;N/A
473;2;17/4/2024;23/5/2024
474;2;21/9/2023;16/1/2024
475;3;14/4/2024;31/10/2024
476;3;18/7/2023;20/6/2024
477;2;19/7/2023;25/10/2023
478;3;28/8/2023;21/12/2023
479;1;29/8/2023;N/A
480;4;30/7/2023;29/6/2024
481;4;29/7/2023;4/4/2024
482;4;9/11/2023;1/10/2024
483;2;16/10/2023;12/10/2024
484;3;7/12/2023;25/11/2024
485;3;8/11/2023;20/10/2024
486;5;18/2/2024;5/3/2024
487;1;24/4/2024;N/A
488;4;28/11/2023;9/3/2024
489;3;22/12/2023;26/6/2024
490;1;19/5/2024;N/A
491;3;22/8/2023;15/9/2023
492;4;7/11/2023;25/6/2024
493;3;2/12/2023;14/3/2024
494;5;19/6/2024;22/12/2024
495;4;19/11/2023;24/3/2024
496;5;24/2/2024;22/1/2025
497;5;6/8/2023;27/11/2023
498;3;9/7/2023;3/4/2024
499;3;23/12/2023;2/4/2024
500;5;27/12/2023;16/7/2024
501;1;19/2/2024;N/A
502;2;1/12/2023;17/4/2024
503;3;23/4/2024;25/2/2025
504;2;13/12/2023;11/12/2024
505;4;9/12/2023;11/2/2024
506;4;28/7/2023;26/6/2024
507;2;25/3/2024;4/1/2025
508;1;30/5/2024;N/A
509;4;16/9/2023;13/7/2024
510;3;21/11/2023;15/1/2024
511;4;25/3/2024;2/5/2024
512;5;25/1/2024;10/7/2024
513;5;23/3/2024;5/1/2025
514;1;5/8/2023;N/A
515;1;18/9/2023;N/A
516;2;14/10/2023;4/11/2023
517;2;10/9/2023;9/5/2024
518;2;11/3/2024;29/8/2024
519;2;9/5/2024;31/1/2025
520;4;25/9/2023;27/7/2024
521;2;18/6/2024;13/6/2025
522;1;26/6/2023;N/A
523;3;12/1/2024;18/11/2024
524;4;16/5/2024;9/5/2025
525;3;17/10/2023;3/3/2024
526;1;2/9/2023;N/A
527;5;15/10/2023;23/2/2024
528;4;23/10/2023;9/10/2024
529;2;8/7/2023;9/4/2024
530;1;27/11/2023;N/A
531;1;2/3/2024;N/A
532;2;16/12/2023;7/2/2024
533;3;12/7/2023;14/2/2024
534;5;30/8/2023;14/9/2023
535;1;8/10/2023;N/A
536;4;3/1/2024;2/4/2024
537;4;16/8/2023;6/11/2023
538;2;25/7/2023;25/7/2023
539;3;11/6/2024;25/6/2024
540;2;26/2/2024;30/9/2024
541;3;7/4/2024;28/8/2024
542;3;30/9/2023;26/3/2024
543;3;4/7/2023;30/3/2024
544;2;21/12/2023;21/9/2024
545;5;10/10/2023;11/11/2023
546;5;24/7/2023;8/9/2023
547;3;21/12/2023;16/5/2024
548;1;13/4/2024;N/A
549;2;26/1/2024;20/8/2024
550;2;8/3/2024;27/2/2025
551;5;12/7/2023;14/2/2024
552;1;16/9/2023;N/A
553;4;31/10/2023;13/11/2023
554;2;29/9/2023;9/1/2024
555;2;7/9/2023;28/6/2024
556;2;28/7/2023;29/11/2023
557;1;21/11/2023;N/A
558;5;30/3/2024;30/6/2024
559;1;22/7/2023;N/A
560;5;20/6/2024;17/9/2024
561;5;4/9/2023;10/7/2024
562;3;5/10/2023;6/4/2024
563;1;11/9/2023;N/A
564;2;7/5/2024;23/10/2024
565;3;12/5/2024;3/8/2024
566;2;20/7/2023;21/1/2024
567;5;26/3/2024;25/1/2025
568;2;27/5/2024;29/12/2024
569;1;3/12/2023;N/A
570;5;26/5/2024;28/12/2024
571;2;5/5/2024;21/1/2025
572;4;24/6/2023;26/3/2024
573;3;19/7/2023;29/10/2023
574;3;3/10/2023;23/1/2024
575;1;18/10/2023;N/A
576;4;15/5/2024;4/1/2025
577;5;14/10/2023;12/10/2024
578;3;6/1/2024;6/10/2024
579;4;31/1/2024;17/9/2024
580;2;29/7/2023;25/2/2024
581;4;18/12/2023;13/12/2024
582;1;24/2/2024;N/A
583;1;12/10/2023;N/A
584;2;2/9/2023;22/6/2024
585;3;7/6/2024;2/10/2024
586;4;3/3/2024;1/10/2024
587;1;28/5/2024;N/A
588;2;25/6/2023;17/10/2023
589;2;8/10/2023;17/6/2024
590;3;11/4/2024;22/4/2024
591;5;25/3/2024;27/7/2024
592;3;24/4/2024;21/11/2024
593;3;19/2/2024;8/4/2024
594;5;31/3/2024;5/9/2024
595;4;29/8/2023;24/11/2023
596;5;28/5/2024;7/11/2024
597;1;27/6/2023;N/A
598;2;22/8/2023;16/4/2024
599;5;25/9/2023;18/6/2024
600;5;31/5/2024;1/11/2024
601;2;8/10/2023;24/2/2024
602;2;2/4/2024;18/6/2024
603;1;27/11/2023;N/A
604;5;6/3/2024;3/8/2024
605;1;22/2/2024;N/A
606;4;1/12/2023;2/7/2024
607;5;1/6/2024;15/2/2025
608;5;15/9/2023;21/2/2024
609;3;2/8/2023;16/9/2023
610;2;9/12/2023;23/12/2023
611;4;14/3/2024;3/12/2024
612;5;5/5/2024;5/6/2024
613;3;13/12/2023;3/8/2024
614;4;17/1/2024;27/6/2024
615;3;4/2/2024;24/4/2024
616;1;3/12/2023;N/A
617;4;4/12/2023;17/8/2024
618;3;22/1/2024;16/4/2024
619;5;14/8/2023;7/3/2024
620;2;3/6/2024;3/7/2024
621;4;18/12/2023;8/1/2024
622;1;20/11/2023;N/A
623;1;25/12/2023;N/A
624;4;29/11/2023;20/10/2024
625;2;28/1/2024;1/6/2024
626;1;6/6/2024;N/A
627;1;30/7/2023;N/A
628;5;8/9/2023;23/3/2024
629;1;17/11/2023;N/A
630;1;8/2/2024;N/A
631;3;7/8/2023;30/8/2023
632;2;3/1/2024;24/1/2024
633;4;14/5/2024;31/10/2024
634;3;13/2/2024;24/2/2024
635;1;15/2/2024;N/A
636;5;26/10/2023;26/7/2024
637;1;21/12/2023;N/A
638;5;17/1/2024;29/2/2024
639;3;25/1/2024;2/5/2024
640;2;14/3/2024;3/5/2024
641;4;2/4/2024;28/9/2024
642;3;5/7/2023;25/2/2024
643;4;7/1/2024;15/2/2024
644;5;17/3/2024;9/6/2024
645;1;18/10/2023;N/A
646;3;28/11/2023;16/1/2024
647;2;4/7/2023;5/11/2023
648;1;18/5/2024;N/A
649;4;30/3/2024;5/2/2025
650;3;5/3/2024;10/7/2024
651;3;9/11/2023;10/12/2023
652;3;3/4/2024;24/5/2024
653;5;28/1/2024;7/6/2024
654;5;26/1/2024;27/4/2024
655;3;19/10/2023;20/11/2023
656;3;14/3/2024;17/11/2024
657;2;1/1/2024;19/1/2024
658;5;30/11/2023;5/8/2024
659;3;11/11/2023;26/1/2024
660;5;9/6/2024;5/8/2024
661;2;14/11/2023;5/1/2024
662;4;6/8/2023;28/12/2023
663;2;20/12/2023;26/9/2024
664;1;10/9/2023;N/A
665;1;26/3/2024;N/A
666;1;14/11/2023;N/A
667;2;23/2/2024;23/6/2024
668;3;9/12/2023;29/10/2024
669;4;21/5/2024;7/8/2024
670;4;12/10/2023;26/6/2024
671;1;26/10/2023;N/A
672;5;21/10/2023;19/1/2024
673;2;19/8/2023;10/10/2023
674;3;5/4/2024;7/12/2024
675;1;30/1/2024;N/A
676;3;16/4/2024;21/5/2024
677;1;5/9/2023;N/A
678;3;12/6/2024;4/10/2024
679;2;6/10/2023;18/5/2024
680;2;8/1/2024;29/11/2024
681;2;16/6/2024;19/12/2024
682;2;1/7/2023;23/5/2024
683;4;7/10/2023;15/5/2024
684;4;25/3/2024;29/8/2024
685;5;14/8/2023;9/2/2024
686;1;19/9/2023;N/A
687;2;27/9/2023;24/7/2024
688;5;26/8/2023;27/4/2024
689;2;1/11/2023;17/3/2024
690;4;27/11/2023;25/8/2024
691;1;30/9/2023;N/A
692;2;17/9/2023;28/7/2024
693;5;13/6/2024;10/2/2025
694;5;6/7/2023;30/8/2023
695;1;15/4/2024;N/A
696;4;7/7/2023;7/9/2023
697;4;3/10/2023;24/4/2024
698;1;11/8/2023;N/A
699;3;27/5/2024;6/10/2024
700;3;18/7/2023;1/5/2024
701;5;11/4/2024;25/2/2025
702;5;22/11/2023;27/2/2024
703;5;8/7/2023;21/4/2024
704;3;20/6/2024;15/5/2025
705;1;2/8/2023;N/A
706;2;23/8/2023;3/12/2023
707;4;30/11/2023;17/12/2023
708;5;23/1/2024;3/9/2024
709;2;8/11/2023;7/1/2024
710;1;21/11/2023;N/A
711;5;25/11/2023;15/1/2024
712;5;18/6/2024;25/2/2025
713;2;24/2/2024;12/8/2024
714;1;28/11/2023;N/A
715;1;10/10/2023;N/A
716;2;29/4/2024;25/5/2024
717;4;25/1/2024;8/2/2024
718;1;16/10/2023;N/A
719;3;2/6/2024;6/2/2025
720;4;1/2/2024;14/3/2024
721;1;9/6/2024;N/A
722;2;3/8/2023;19/4/2024
723;2;20/1/2024;31/8/2024
724;3;6/10/2023;15/4/2024
725;2;18/10/2023;23/7/2024
726;1;26/6/2023;N/A
727;3;24/2/2024;8/11/2024
728;2;25/6/2023;30/8/2023
729;2;15/6/2024;6/3/2025
730;2;17/2/2024;30/12/2024
731;1;2/5/2024;N/A
732;1;8/9/2023;N/A
733;2;8/4/2024;21/7/2024
734;2;10/6/2024;10/2/2025
735;2;11/9/2023;12/2/2024
736;1;3/9/2023;N/A
737;1;27/6/2023;N/A
738;5;18/10/2023;23/6/2024
739;5;29/11/2023;29/12/2023
740;3;2/12/2023;14/1/2024
741;3;6/1/2024;15/10/2024
742;5;27/1/2024;6/12/2024
743;3;4/6/2024;16/3/2025
744;1;15/2/2024;N/A
745;1;21/12/2023;N/A
746;2;5/12/2023;14/11/2024
747;4;25/1/2024;12/12/2024
748;2;5/5/2024;9/1/2025
749;3;21/8/2023;13/1/2024
750;1;10/1/2024;N/A
751;5;14/6/2024;19/9/2024
752;2;12/11/2023;27/4/2024
753;1;6/11/2023;N/A
754;5;31/8/2023;2/1/2024
755;2;26/6/2023;15/12/2023
756;4;25/7/2023;21/1/2024
757;3;17/2/2024;29/1/2025
758;1;29/9/2023;N/A
759;1;16/6/2024;N/A
760;3;18/1/2024;18/5/2024
761;2;18/6/2024;4/4/2025
762;3;29/6/2023;26/6/2024
763;2;28/12/2023;15/4/2024
764;4;3/3/2024;18/4/2024
765;2;8/8/2023;29/11/2023
766;3;1/12/2023;11/12/2023
767;1;21/4/2024;N/A
768;2;9/7/2023;28/5/2024
769;5;29/4/2024;8/10/2024
770;5;12/3/2024;13/3/2024
771;3;28/9/2023;25/3/2024
772;1;29/12/2023;N/A
773;2;30/9/2023;7/8/2024
774;5;8/5/2024;27/1/2025
775;3;26/3/2024;7/7/2024
776;1;7/5/2024;N/A
777;4;20/2/2024;23/1/2025
778;4;8/3/2024;3/8/2024
779;1;14/12/2023;N/A
780;5;23/3/2024;22/11/2024
781;4;19/3/2024;3/8/2024
782;5;8/4/2024;17/5/2024
783;1;25/4/2024;N/A
784;2;6/10/2023;8/5/2024
785;3;25/6/2023;23/1/2024
786;2;27/5/2024;1/1/2025
787;5;9/6/2024;13/7/2024
788;3;3/5/2024;24/8/2024
789;2;19/2/2024;7/8/2024
790;4;26/12/2023;13/1/2024
791;5;13/2/2024;29/4/2024
792;5;25/7/2023;24/12/2023
793;5;9/6/2024;10/7/2024
794;5;25/1/2024;19/9/2024
795;1;25/1/2024;N/A
796;2;21/11/2023;10/2/2024
797;3;7/5/2024;26/8/2024
798;2;7/8/2023;18/5/2024
799;4;21/9/2023;30/3/2024
800;2;7/10/2023;26/8/2024
801;1;13/10/2023;N/A
802;3;16/9/2023;18/6/2024
803;2;2/11/2023;30/12/2023
804;4;3/2/2024;31/5/2024
805;4;29/1/2024;10/5/2024
806;3;5/1/2024;12/1/2024
807;3;12/5/2024;2/3/2025
808;4;26/2/2024;5/3/2024
809;2;27/7/2023;11/12/2023
810;5;18/1/2024;14/6/2024
811;3;9/11/2023;22/11/2023
812;3;2/2/2024;17/6/2024
813;4;20/11/2023;27/5/2024
814;5;4/3/2024;6/8/2024
815;5;16/3/2024;7/8/2024
816;3;3/9/2023;14/4/2024
817;4;30/5/2024;29/4/2025
818;2;25/5/2024;24/8/2024
819;5;6/11/2023;17/6/2024
820;4;3/12/2023;1/8/2024
821;3;17/7/2023;28/2/2024
822;1;17/9/2023;N/A
823;4;6/9/2023;2/4/2024
824;2;15/3/2024;3/2/2025
825;5;19/7/2023;20/6/2024
826;2;4/7/2023;20/10/2023
827;4;18/4/2024;14/12/2024
828;2;18/5/2024;6/9/2024
829;4;5/5/2024;28/10/2024
830;2;24/11/2023;3/8/2024
831;4;27/8/2023;15/2/2024
832;1;16/1/2024;N/A
833;5;10/4/2024;11/8/2024
834;5;9/10/2023;6/5/2024
835;4;13/3/2024;13/8/2024
836;5;25/10/2023;22/12/2023
837;2;11/9/2023;2/11/2023
838;1;21/3/2024;N/A
839;4;20/8/2023;4/1/2024
840;1;24/7/2023;N/A
841;2;4/1/2024;11/6/2024
842;4;20/11/2023;27/12/2023
843;2;21/3/2024;7/4/2024
844;2;17/11/2023;15/4/2024
845;4;21/12/2023;2/2/2024
846;3;12/4/2024;13/4/2024
847;1;29/11/2023;N/A
848;4;3/11/2023;6/6/2024
849;3;21/4/2024;11/9/2024
850;1;4/12/2023;N/A
851;3;22/12/2023;26/10/2024
852;5;2/10/2023;26/1/2024
853;1;14/7/2023;N/A
854;5;17/6/2024;6/12/2024
855;3;15/7/2023;10/6/2024
856;2;25/3/2024;5/7/2024
857;1;15/3/2024;N/A
858;3;11/12/2023;13/1/2024
859;1;11/7/2023;N/A
860;3;26/3/2024;22/9/2024
861;2;15/2/2024;25/11/2024
862;5;17/8/2023;28/8/2023
863;3;7/4/2024;18/8/2024
864;1;20/11/2023;N/A
865;1;17/2/2024;N/A
866;1;6/1/2024;N/A
867;3;13/7/2023;28/3/2024
868;2;19/12/2023;18/3/2024
869;2;12/3/2024;26/6/2024
870;3;17/12/2023;3/10/2024
871;1;15/2/2024;N/A
872;1;21/10/2023;N/A
873;5;2/12/2023;17/9/2024
874;5;9/9/2023;1/8/2024
875;1;3/3/2024;N/A
876;3;18/4/2024;22/9/2024
877;2;29/11/2023;4/2/2024
878;1;23/9/2023;N/A
879;4;29/6/2023;2/4/2024
880;2;5/6/2024;1/4/2025
881;5;1/7/2023;26/9/2023
882;2;29/5/2024;28/2/2025
883;5;16/10/2023;11/4/2024
884;2;4/2/2024;27/12/2024
885;4;12/10/2023;26/12/2023
886;3;2/12/2023;8/5/2024
887;4;12/1/2024;17/9/2024
888;5;8/8/2023;21/6/2024
889;3;21/11/2023;12/9/2024
890;4;14/11/2023;31/12/2023
891;4;14/4/2024;27/12/2024
892;4;2/11/2023;6/5/2024
893;3;10/9/2023;3/9/2024
894;1;12/3/2024;N/A
895;1;31/10/2023;N/A
896;5;28/12/2023;20/9/2024
897;4;31/10/2023;9/10/2024
898;3;15/1/2024;18/1/2024
899;2;10/2/2024;18/9/2024
900;3;11/5/2024;6/9/2024
901;1;17/1/2024;N/A
902;1;4/2/2024;N/A
903;5;5/3/2024;22/10/2024
904;3;22/9/2023;3/11/2023
905;5;7/8/2023;14/10/2023
906;4;27/12/2023;1/4/2024
907;1;23/9/2023;N/A
908;3;17/1/2024;24/2/2024
909;2;4/8/2023;25/9/2023
910;3;23/6/2023;24/3/2024
911;2;19/2/2024;26/6/2024
912;5;26/4/2024;8/1/2025
913;1;9/2/2024;N/A
914;2;14/3/2024;10/3/2025
915;3;2/9/2023;9/2/2024
916;5;9/1/2024;16/7/2024
917;1;21/5/2024;N/A
918;1;12/6/2024;N/A
919;2;4/3/2024;27/4/2024
920;2;22/10/2023;2/12/2023
921;5;24/6/2023;14/12/2023
922;4;11/12/2023;22/9/2024
923;2;31/8/2023;24/11/2023
924;2;22/5/2024;16/9/2024
925;2;15/4/2024;9/7/2024
926;3;24/10/2023;5/9/2024
927;4;7/8/2023;3/11/2023
928;3;9/2/2024;5/2/2025
929;4;11/7/2023;21/10/2023
930;2;24/7/2023;2/3/2024
931;2;14/7/2023;24/1/2024
932;2;19/2/2024;9/9/2024
933;4;23/2/2024;28/10/2024
934;1;25/1/2024;N/A
935;2;16/9/2023;20/8/2024
936;4;24/11/2023;18/5/2024
937;1;26/9/2023;N/A
938;1;23/11/2023;N/A
939;4;16/4/2024;18/10/2024
940;3;20/4/2024;25/7/2024
941;3;10/4/2024;4/8/2024
942;4;25/8/2023;3/11/2023
943;4;12/5/2024;1/2/2025
944;1;27/3/2024;N/A
945;4;31/3/2024;12/11/2024
946;5;30/8/2023;2/9/2023
947;2;6/1/2024;9/9/2024
948;4;28/8/2023;16/11/2023
949;3;19/11/2023;11/3/2024
950;1;4/8/2023;N/A
951;5;6/3/2024;12/7/2024
952;2;8/6/2024;27/1/2025
953;2;24/12/2023;30/7/2024
954;3;21/12/2023;13/3/2024
955;3;18/12/2023;6/7/2024
956;3;14/12/2023;7/9/2024
957;4;29/2/2024;3/12/2024
958;1;21/11/2023;N/A
959;3;11/8/2023;6/1/2024
960;4;14/3/2024;9/10/2024
961;2;8/1/2024;20/4/2024
962;4;25/9/2023;12/11/2023
963;2;17/12/2023;1/12/2024
964;1;24/9/2023;N/A
965;5;15/8/2023;23/4/2024
966;2;8/12/2023;4/3/2024
967;2;26/7/2023;27/8/2023
968;1;5/12/2023;N/A
969;2;16/11/2023;27/12/2023
970;3;28/9/2023;12/10/2023
971;4;21/12/2023;8/10/2024
972;1;1/9/2023;N/A
973;4;17/10/2023;21/8/2024
974;5;30/4/2024;7/10/2024
975;1;8/10/2023;N/A
976;1;5/8/2023;N/A
977;2;22/8/2023;10/12/2023
978;1;22/9/2023;N/A
979;4;31/12/2023;13/10/2024
980;5;24/2/2024;16/11/2024
981;5;24/3/2024;19/12/2024
982;2;13/7/2023;1/2/2024
983;5;10/8/2023;28/5/2024
984;4;18/5/2024;12/7/2024
985;3;20/3/2024;23/10/2024
986;1;6/4/2024;N/A
987;5;10/8/2023;4/2/2024
988;2;10/2/2024;26/5/2024
989;3;19/8/2023;20/9/2023
990;3;23/3/2024;25/11/2024
991;3;14/8/2023;2/11/2023
992;1;25/8/2023;N/A
993;4;26/4/2024;21/3/2025
994;2;10/12/2023;3/5/2024
995;1;24/1/2024;N/A
996;5;24/4/2024;23/9/2024
997;5;13/10/2023;27/11/2023
998;5;12/9/2023;17/12/2023
999;5;2/1/2024;19/9/2024
1000;3;8/8/2023;5/3/2024
1001;5;5/6/2024;24/9/2024
1002;2;22/3/2024;29/12/2024
1003;3;2/3/2024;16/6/2024
1004;3;9/5/2024;14/5/2024
1005;5;14/1/2024;27/1/2024
1006;4;31/5/2024;29/11/2024
1007;4;17/11/2023;13/6/2024
1008;1;16/7/2023;N/A
1009;2;11/11/2023;1/12/2023
1010;2;23/4/2024;6/11/2024
1011;4;21/8/2023;8/9/2023
1012;2;23/10/2023;22/7/2024
1013;4;24/1/2024;4/3/2024
1014;2;2/10/2023;9/3/2024
1015;3;16/7/2023;26/11/2023
1016;3;20/12/2023;7/2/2024
1017;3;31/3/2024;12/10/2024
1018;3;4/5/2024;21/9/2024
1019;4;13/4/2024;7/5/2024
1020;4;3/11/2023;11/8/2024
1021;5;8/1/2024;28/12/2024
1022;5;20/6/2024;30/11/2024
1023;1;28/2/2024;N/A
1024;4;4/8/2023;22/2/2024
1025;1;17/4/2024;N/A
1026;5;19/9/2023;15/10/2023
1027;2;18/2/2024;28/3/2024
1028;5;29/3/2024;22/7/2024
1029;4;3/9/2023;23/8/2024
1030;2;24/6/2023;8/5/2024
1031;1;28/10/2023;N/A
1032;5;2/8/2023;23/11/2023
1033;3;14/10/2023;14/12/2023
1034;4;19/8/2023;18/5/2024
1035;3;10/7/2023;14/6/2024
1036;5;7/11/2023;23/8/2024
1037;5;25/5/2024;28/4/2025
1038;3;12/6/2024;22/6/2024
1039;1;1/8/2023;N/A
1040;5;12/7/2023;27/5/2024
1041;4;26/5/2024;8/3/2025
1042;5;21/1/2024;3/1/2025
1043;3;30/12/2023;6/11/2024
1044;5;7/10/2023;8/2/2024
1045;4;19/4/2024;2/5/2024
1046;4;7/7/2023;29/2/2024
1047;2;1/2/2024;5/7/2024
1048;3;23/7/2023;2/8/2023
1049;5;29/4/2024;17/12/2024
1050;3;28/1/2024;27/6/2024
1051;5;16/5/2024;19/12/2024
1052;5;8/3/2024;4/12/2024
1053;3;1/8/2023;25/12/2023
1054;2;12/2/2024;28/5/2024
1055;1;22/9/2023;N/A
1056;5;24/3/2024;18/12/2024
1057;1;8/2/2024;N/A
1058;4;9/11/2023;2/12/2023
1059;1;17/10/2023;N/A
1060;3;24/5/2024;11/4/2025
1061;1;17/11/2023;N/A
1062;3;4/2/2024;4/4/2024
1063;1;16/6/2024;N/A
1064;4;5/7/2023;11/11/2023
1065;3;10/7/2023;13/4/2024
1066;1;29/12/2023;N/A
1067;3;24/12/2023;4/2/2024
1068;3;23/2/2024;6/3/2024
1069;3;27/12/2023;9/8/2024
1070;4;25/9/2023;24/12/2023
1071;5;16/11/2023;12/9/2024
1072;1;30/4/2024;N/A
1073;3;10/4/2024;14/11/2024
1074;5;26/9/2023;7/4/2024
1075;4;5/7/2023;7/1/2024
1076;2;21/2/2024;18/2/2025
1077;5;9/2/2024;28/8/2024
1078;1;27/7/2023;N/A
1079;5;25/6/2023;4/3/2024
1080;3;29/11/2023;23/4/2024
1081;5;22/7/2023;22/1/2024
1082;2;7/2/2024;22/2/2024
1083;3;29/1/2024;13/6/2024
1084;5;20/11/2023;26/6/2024
1085;4;2/6/2024;10/8/2024
1086;2;15/10/2023;10/5/2024
1087;3;18/2/2024;21/8/2024
1088;5;29/4/2024;28/1/2025
1089;1;19/5/2024;N/A
1090;3;3/4/2024;14/10/2024
1091;3;2/5/2024;9/7/2024
1092;3;16/4/2024;6/5/2024
1093;2;22/12/2023;4/5/2024
1094;3;6/7/2023;7/12/2023
1095;3;14/8/2023;6/2/2024
1096;1;29/10/2023;N/A
1097;3;22/11/2023;12/3/2024
1098;1;22/11/2023;N/A
1099;4;28/7/2023;18/2/2024
1100;5;10/8/2023;29/7/2024
1101;4;3/2/2024;8/6/2024
1102;4;3/6/2024;11/4/2025
1103;3;8/11/2023;29/9/2024
1104;5;13/12/2023;26/3/2024
1105;4;28/12/2023;30/7/2024
1106;3;29/6/2023;18/6/2024
1107;2;20/2/2024;9/12/2024
1108;4;11/5/2024;4/3/2025
1109;5;19/11/2023;19/11/2023
1110;1;7/5/2024;N/A
1111;4;4/2/2024;30/5/2024
1112;4;13/12/2023;22/4/2024
1113;4;5/12/2023;6/3/2024
1114;3;23/10/2023;29/2/2024
1115;3;7/1/2024;6/3/2024
1116;2;9/3/2024;21/3/2024
1117;1;20/3/2024;N/A
1118;2;14/11/2023;26/5/2024
1119;3;26/10/2023;26/2/2024
1120;2;6/1/2024;25/12/2024
1121;1;29/8/2023;N/A
1122;3;15/5/2024;21/2/2025
1123;2;17/8/2023;7/11/2023
1124;1;15/5/2024;N/A
1125;5;21/8/2023;30/7/2024
1126;1;30/4/2024;N/A
1127;5;7/10/2023;3/11/2023
1128;2;10/12/2023;7/4/2024
1129;4;26/5/2024;1/9/2024
1130;5;26/7/2023;5/11/2023
1131;1;4/10/2023;N/A
1132;5;15/4/2024;17/11/2024
1133;4;3/12/2023;1/7/2024
1134;5;5/6/2024;6/11/2024
1135;5;19/8/2023;4/5/2024
1136;3;10/1/2024;2/1/2025
1137;5;7/9/2023;13/8/2024
1138;3;22/12/2023;17/2/2024
1139;5;20/3/2024;22/8/2024
1140;5;7/5/2024;25/6/2024
1141;1;9/7/2023;N/A
1142;3;15/7/2023;29/1/2024
1143;3;30/10/2023;28/6/2024
1144;2;14/5/2024;2/2/2025
1145;3;20/10/2023;22/7/2024
1146;3;3/2/2024;8/4/2024
1147;5;29/2/2024;17/6/2024
1148;5;25/1/2024;31/10/2024
1149;1;11/6/2024;N/A
1150;4;6/12/2023;9/6/2024
1151;1;6/1/2024;N/A
1152;3;5/1/2024;3/3/2024
1153;3;20/10/2023;24/6/2024
1154;4;21/10/2023;12/7/2024
1155;3;20/7/2023;23/4/2024
1156;3;29/11/2023;8/3/2024
1157;2;25/10/2023;16/3/2024
1158;2;8/2/2024;26/2/2024
1159;2;26/3/2024;29/3/2024
1160;4;11/4/2024;3/1/2025
1161;2;1/10/2023;28/8/2024
1162;3;22/4/2024;25/10/2024
1163;1;20/10/2023;N/A
1164;5;16/11/2023;16/11/2023
1165;2;29/9/2023;23/9/2024
1166;2;9/4/2024;6/4/2025
1167;2;22/1/2024;12/7/2024
1168;5;6/4/2024;21/7/2024
1169;3;10/3/2024;30/7/2024
1170;4;27/9/2023;6/10/2023
1171;1;1/4/2024;N/A
1172;3;31/10/2023;24/3/2024
1173;1;21/10/2023;N/A
1174;2;29/9/2023;29/4/2024
1175;5;12/7/2023;13/3/2024
1176;3;16/10/2023;11/4/2024
1177;3;5/5/2024;27/2/2025
1178;4;16/5/2024;21/5/2024
1179;3;29/9/2023;27/3/2024
1180;3;10/8/2023;6/12/2023
1181;4;10/11/2023;13/8/2024
1182;1;4/4/2024;N/A
1183;2;17/6/2024;8/2/2025
1184;2;17/12/2023;6/3/2024
1185;4;15/8/2023;15/7/2024
1186;3;23/7/2023;12/5/2024
1187;5;9/11/2023;6/8/2024
1188;2;29/12/2023;4/11/2024
1189;5;15/8/2023;10/2/2024
1190;4;10/9/2023;15/2/2024
1191;1;22/9/2023;N/A
1192;5;24/10/2023;1/6/2024
1193;1;26/4/2024;N/A
1194;4;6/3/2024;8/12/2024
1195;1;7/10/2023;N/A
1196;4;15/1/2024;29/12/2024
1197;2;30/3/2024;26/10/2024
1198;2;15/6/2024;29/8/2024
1199;1;6/10/2023;N/A
1200;3;7/5/2024;21/7/2024
1201;3;7/11/2023;30/5/2024
1202;4;14/3/2024;24/9/2024
1203;3;8/8/2023;18/6/2024
1204;5;22/3/2024;6/8/2024
1205;5;15/12/2023;3/1/2024
1206;2;25/6/2023;23/9/2023
1207;3;12/4/2024;7/1/2025
1208;5;24/1/2024;23/4/2024
1209;3;31/8/2023;5/9/2023
1210;3;23/9/2023;25/7/2024
1211;1;1/12/2023;N/A
1212;1;28/3/2024;N/A
1213;1;26/2/2024;N/A
1214;4;24/7/2023;3/5/2024
1215;5;20/7/2023;15/3/2024
1216;1;25/10/2023;N/A
1217;3;6/1/2024;4/4/2024
1218;3;22/11/2023;30/8/2024
1219;2;2/4/2024;15/6/2024
1220;5;7/2/2024;4/3/2024
1221;1;28/6/2023;N/A
1222;5;10/8/2023;19/7/2024
1223;4;24/4/2024;9/12/2024
1224;5;22/5/2024;9/4/2025
1225;2;30/9/2023;28/4/2024
1226;2;16/6/2024;24/2/2025
1227;3;14/6/2024;3/7/2024
1228;2;12/4/2024;19/4/2024
1229;4;29/6/2023;25/3/2024
1230;1;25/2/2024;N/A
1231;3;2/11/2023;3/11/2023
1232;4;19/10/2023;24/12/2023
1233;1;17/7/2023;N/A
1234;5;8/8/2023;26/8/2023
1235;5;18/3/2024;16/8/2024
1236;3;9/11/2023;7/1/2024
1237;1;8/7/2023;N/A
1238;4;4/10/2023;14/11/2023
1239;2;26/2/2024;27/8/2024
1240;4;7/1/2024;23/6/2024
1241;5;20/9/2023;14/7/2024
1242;2;13/12/2023;22/3/2024
1243;2;22/4/2024;22/2/2025
1244;2;3/4/2024;15/11/2024
1245;4;31/7/2023;5/11/2023
1246;3;1/8/2023;31/8/2023
1247;2;10/8/2023;9/7/2024
1248;4;21/3/2024;23/7/2024
1249;5;25/2/2024;7/1/2025
1250;4;25/6/2023;9/9/2023
1251;1;5/1/2024;N/A
1252;2;15/3/2024;20/3/2024
1253;2;17/1/2024;6/7/2024
1254;4;24/5/2024;31/10/2024
1255;2;5/11/2023;5/7/2024
1256;2;5/11/2023;13/3/2024
1257;5;14/9/2023;7/4/2024
1258;3;18/4/2024;25/8/2024
1259;2;26/10/2023;15/12/2023
1260;1;10/2/2024;N/A
1261;2;15/8/2023;25/12/2023
1262;5;18/1/2024;19/10/2024
1263;2;15/7/2023;30/4/2024
1264;5;21/3/2024;14/11/2024
1265;4;6/3/2024;25/10/2024
1266;5;23/10/2023;25/1/2024
1267;5;25/12/2023;23/10/2024
1268;1;16/5/2024;N/A
1269;2;29/9/2023;1/6/2024
1270;2;7/1/2024;8/1/2024
1271;1;9/12/2023;N/A
1272;5;20/10/2023;28/4/2024
1273;2;7/2/2024;7/10/2024
1274;1;12/6/2024;N/A
1275;2;17/2/2024;10/11/2024
1276;2;29/4/2024;21/12/2024
1277;5;12/6/2024;25/1/2025
1278;3;8/3/2024;9/12/2024
1279;3;14/8/2023;27/10/2023
1280;4;12/1/2024;11/10/2024
1281;2;29/3/2024;7/1/2025
1282;3;16/8/2023;2/7/2024
1283;4;25/1/2024;1/12/2024
1284;5;2/3/2024;21/11/2024
1285;5;5/9/2023;4/1/2024
1286;4;5/9/2023;26/3/2024
1287;5;11/4/2024;25/12/2024
1288;4;27/8/2023;6/9/2023
1289;2;5/5/2024;1/1/2025
1290;1;13/3/2024;N/A
1291;4;29/3/2024;21/12/2024
1292;2;25/5/2024;26/12/2024
1293;2;15/1/2024;7/10/2024
1294;5;17/10/2023;2/11/2023
1295;2;15/3/2024;14/12/2024
1296;1;24/6/2023;N/A
1297;5;21/9/2023;11/12/2023
1298;5;22/8/2023;3/9/2023
1299;5;20/8/2023;5/12/2023
1300;5;16/5/2024;15/6/2024
1301;3;16/11/2023;8/8/2024
1302;3;7/6/2024;23/3/2025
1303;2;15/12/2023;2/7/2024
1304;1;15/9/2023;N/A
1305;4;28/12/2023;8/12/2024
1306;1;21/10/2023;N/A
1307;4;29/9/2023;5/4/2024
1308;5;26/4/2024;27/6/2024
1309;1;31/7/2023;N/A
1310;1;9/8/2023;N/A
1311;2;26/10/2023;23/8/2024
1312;2;13/10/2023;1/11/2023
1313;4;23/2/2024;20/11/2024
1314;4;17/4/2024;20/12/2024
1315;3;6/5/2024;10/6/2024
1316;5;12/6/2024;31/1/2025
1317;3;28/9/2023;3/2/2024
1318;3;27/11/2023;22/4/2024
1319;1;8/4/2024;N/A
1320;3;9/5/2024;3/9/2024
1321;1;18/2/2024;N/A
1322;3;14/4/2024;28/11/2024
1323;5;7/12/2023;24/6/2024
1324;2;22/12/2023;25/5/2024
1325;4;29/12/2023;21/3/2024
1326;5;24/12/2023;29/4/2024
1327;2;27/12/2023;3/3/2024
1328;3;22/5/2024;9/4/2025
1329;5;12/8/2023;14/3/2024
1330;3;30/4/2024;20/4/2025
1331;1;25/2/2024;N/A
1332;3;11/1/2024;16/5/2024
1333;1;14/8/2023;N/A
1334;4;1/4/2024;26/10/2024
1335;4;27/2/2024;11/1/2025
1336;3;30/9/2023;28/7/2024
1337;2;30/9/2023;2/7/2024
1338;1;19/8/2023;N/A
1339;3;18/10/2023;11/9/2024
1340;3;13/3/2024;16/3/2024
1341;1;17/9/2023;N/A
1342;2;9/2/2024;26/11/2024
1343;1;6/12/2023;N/A
1344;5;3/6/2024;28/5/2025
1345;1;2/8/2023;N/A
1346;2;3/9/2023;21/7/2024
1347;5;28/6/2023;22/5/2024
1348;4;23/11/2023;8/3/2024
1349;5;25/2/2024;29/7/2024
1350;2;5/12/2023;3/11/2024
1351;1;21/1/2024;N/A
1352;4;3/3/2024;3/4/2024
1353;1;23/12/2023;N/A
1354;1;28/10/2023;N/A
1355;4;4/3/2024;19/9/2024
1356;4;26/9/2023;5/12/2023
1357;4;29/5/2024;2/2/2025
1358;1;29/3/2024;N/A
1359;2;8/2/2024;3/10/2024
1360;3;11/2/2024;21/4/2024
1361;1;20/9/2023;N/A
1362;4;4/12/2023;12/4/2024
1363;5;2/3/2024;20/6/2024
1364;4;21/7/2023;12/9/2023
1365;5;8/11/2023;16/2/2024
1366;2;20/8/2023;11/10/2023
1367;3;26/7/2023;21/3/2024
1368;5;27/7/2023;7/3/2024
1369;5;10/5/2024;22/2/2025
1370;1;9/10/2023;N/A
1371;4;15/12/2023;8/1/2024
1372;2;17/6/2024;11/1/2025
1373;1;28/11/2023;N/A
1374;4;13/11/2023;1/2/2024
1375;5;5/6/2024;13/1/2025
1376;3;13/4/2024;13/1/2025
1377;1;16/3/2024;N/A
1378;5;20/4/2024;13/2/2025
1379;1;8/2/2024;N/A
1380;2;2/5/2024;8/12/2024
1381;5;23/4/2024;10/6/2024
1382;3;28/3/2024;25/5/2024
1383;1;14/12/2023;N/A
1384;5;2/12/2023;29/8/2024
1385;3;10/6/2024;26/2/2025
1386;3;22/6/2023;24/1/2024
1387;2;31/3/2024;13/10/2024
1388;4;11/7/2023;26/7/2023
1389;5;17/6/2024;27/10/2024
1390;1;20/2/2024;N/A
1391;4;5/9/2023;6/6/2024
1392;4;5/1/2024;9/12/2024
1393;2;30/12/2023;11/2/2024
1394;1;18/7/2023;N/A
1395;4;17/4/2024;25/11/2024
1396;2;27/8/2023;26/7/2024
1397;3;31/7/2023;27/6/2024
1398;1;2/5/2024;N/A
1399;1;11/3/2024;N/A
1400;1;18/12/2023;N/A
1401;5;6/7/2023;9/3/2024
1402;4;24/11/2023;20/6/2024
1403;1;1/12/2023;N/A
1404;4;11/6/2024;25/1/2025
1405;4;27/11/2023;2/5/2024
1406;5;2/12/2023;29/6/2024
1407;5;23/9/2023;14/11/2023
1408;1;24/10/2023;N/A
1409;5;24/11/2023;7/4/2024
1410;1;26/1/2024;N/A
1411;1;21/9/2023;N/A
1412;1;12/7/2023;N/A
1413;3;7/3/2024;26/6/2024
1414;5;25/2/2024;27/1/2025
1415;1;30/4/2024;N/A
1416;3;22/12/2023;29/10/2024
1417;5;7/4/2024;19/7/2024
1418;1;27/7/2023;N/A
1419;1;3/3/2024;N/A
1420;3;27/3/2024;3/7/2024
1421;2;27/2/2024;28/2/2024
1422;3;21/10/2023;26/3/2024
1423;4;18/12/2023;9/8/2024
1424;3;10/1/2024;18/12/2024
1425;2;13/1/2024;2/6/2024
1426;3;8/11/2023;9/1/2024
1427;5;4/12/2023;6/3/2024
1428;2;31/10/2023;7/2/2024
1429;3;15/12/2023;13/8/2024
1430;2;24/3/2024;16/6/2024
1431;3;29/5/2024;17/12/2024
1432;4;3/5/2024;20/10/2024
1433;3;21/3/2024;23/5/2024
1434;2;10/6/2024;30/6/2024
1435;5;22/8/2023;13/3/2024
1436;5;14/7/2023;21/3/2024
1437;5;3/4/2024;23/6/2024
1438;4;28/9/2023;9/6/2024
1439;4;24/4/2024;15/10/2024
1440;2;9/9/2023;17/3/2024
1441;3;29/7/2023;26/2/2024
1442;4;26/7/2023;6/6/2024
1443;2;29/7/2023;31/1/2024
1444;5;17/12/2023;19/5/2024
1445;2;30/1/2024;8/2/2024
1446;3;26/1/2024;19/12/2024
1447;4;27/6/2023;14/1/2024
1448;5;13/1/2024;5/2/2024
1449;4;2/5/2024;15/4/2025
1450;2;1/6/2024;27/1/2025
1451;5;21/4/2024;23/7/2024
1452;3;6/3/2024;12/3/2024
1453;5;15/4/2024;26/1/2025
1454;1;8/2/2024;N/A
1455;3;27/6/2023;23/2/2024
1456;1;17/10/2023;N/A
1457;1;1/2/2024;N/A
1458;2;1/6/2024;31/10/2024
1459;3;12/5/2024;7/3/2025
1460;3;27/12/2023;14/11/2024
1461;2;29/6/2023;9/5/2024
1462;4;22/11/2023;13/2/2024
1463;5;15/1/2024;7/11/2024
1464;3;25/9/2023;17/10/2023
1465;1;2/5/2024;N/A
1466;1;20/5/2024;N/A
1467;5;13/9/2023;24/6/2024
1468;5;6/3/2024;20/1/2025
1469;5;20/6/2024;18/8/2024
1470;3;3/6/2024;5/3/2025
1471;4;19/3/2024;12/12/2024
1472;3;2/9/2023;9/12/2023
1473;4;4/9/2023;3/1/2024
1474;5;23/12/2023;9/12/2024
1475;5;8/5/2024;25/5/2024
1476;2;13/7/2023;31/1/2024
1477;1;1/12/2023;N/A
1478;1;11/5/2024;N/A
1479;2;11/3/2024;13/5/2024
1480;4;10/5/2024;24/8/2024
1481;4;3/7/2023;10/1/2024
1482;3;20/8/2023;1/6/2024
1483;1;5/2/2024;N/A
1484;3;6/5/2024;6/2/2025
1485;5;29/5/2024;7/4/2025
1486;3;2/7/2023;26/8/2023
1487;5;22/7/2023;29/4/2024
1488;2;4/2/2024;23/9/2024
1489;4;4/12/2023;2/12/2024
1490;3;24/5/2024;23/7/2024
1491;2;23/2/2024;2/4/2024
1492;3;14/9/2023;5/7/2024
1493;4;9/4/2024;20/3/2025
1494;4;1/6/2024;12/9/2024
1495;2;17/6/2024;23/2/2025
1496;3;27/10/2023;22/8/2024
1497;5;13/8/2023;7/9/2023
1498;3;13/10/2023;1/4/2024
1499;3;16/6/2024;25/7/2024
1500;4;8/12/2023;26/8/2024
1501;2;31/5/2024;29/9/2024
1502;4;19/4/2024;20/2/2025
1503;5;2/4/2024;7/6/2024
1504;4;17/6/2024;29/9/2024
1505;2;13/2/2024;18/10/2024
1506;3;5/2/2024;9/6/2024
1507;1;7/2/2024;N/A
1508;4;16/11/2023;4/9/2024
1509;1;25/7/2023;N/A
1510;5;23/6/2023;16/12/2023
1511;3;14/1/2024;4/10/2024
1512;3;2/10/2023;1/2/2024
1513;3;13/7/2023;15/6/2024
1514;1;21/12/2023;N/A
1515;5;12/7/2023;21/9/2023
1516;3;2/3/2024;29/7/2024
1517;1;5/2/2024;N/A
1518;3;28/3/2024;13/3/2025
1519;4;7/12/2023;9/7/2024
1520;1;28/10/2023;N/A
1521;3;21/10/2023;29/6/2024
1522;1;21/5/2024;N/A
1523;4;17/4/2024;1/4/2025
1524;4;4/1/2024;4/7/2024
1525;4;7/5/2024;26/12/2024
1526;4;13/4/2024;25/12/2024
1527;1;14/8/2023;N/A
1528;2;27/5/2024;21/12/2024
1529;1;2/6/2024;N/A
1530;2;25/1/2024;8/8/2024
1531;3;7/4/2024;19/12/2024
1532;1;1/1/2024;N/A
1533;3;9/8/2023;10/1/2024
1534;3;4/1/2024;22/2/2024
1535;3;9/4/2024;31/10/2024
1536;5;25/12/2023;25/7/2024
1537;5;22/11/2023;5/1/2024
1538;3;22/3/2024;8/7/2024
1539;3;18/3/2024;6/6/2024
1540;4;13/4/2024;24/2/2025
1541;2;18/7/2023;9/7/2024
1542;4;11/1/2024;28/4/2024
1543;2;24/11/2023;6/11/2024
1544;5;24/7/2023;18/9/2023
1545;3;4/8/2023;25/2/2024
1546;2;5/12/2023;25/2/2024
1547;2;18/1/2024;17/9/2024
1548;3;24/4/2024;1/6/2024
1549;3;13/10/2023;5/4/2024
1550;4;8/11/2023;2/10/2024
1551;1;21/7/2023;N/A
1552;2;18/6/2024;20/8/2024
1553;1;29/9/2023;N/A
1554;4;8/3/2024;17/3/2024
1555;1;19/2/2024;N/A
1556;1;12/12/2023;N/A
1557;4;16/6/2024;29/3/2025
1558;3;16/1/2024;16/1/2024
1559;1;4/7/2023;N/A
1560;1;13/4/2024;N/A
1561;2;27/11/2023;9/4/2024
1562;1;7/2/2024;N/A
1563;2;11/3/2024;5/2/2025
1564;2;23/11/2023;14/9/2024
1565;4;23/9/2023;6/10/2023
1566;4;16/2/2024;11/4/2024
1567;5;20/5/2024;21/9/2024
1568;1;25/4/2024;N/A
1569;2;25/6/2023;27/10/2023
1570;1;13/2/2024;N/A
1571;5;9/1/2024;24/11/2024
1572;4;25/12/2023;7/3/2024
1573;2;9/8/2023;22/2/2024
1574;4;25/7/2023;17/10/2023
1575;4;8/9/2023;23/8/2024
1576;5;26/3/2024;12/12/2024
1577;4;1/5/2024;5/8/2024
1578;2;2/2/2024;25/2/2024
1579;3;14/10/2023;20/7/2024
1580;4;28/11/2023;2/1/2024
1581;5;12/1/2024;7/9/2024
1582;2;28/6/2023;30/9/2023
1583;4;19/12/2023;14/1/2024
1584;5;24/11/2023;15/11/2024
1585;1;3/4/2024;N/A
1586;2;5/5/2024;8/8/2024
1587;4;3/5/2024;4/5/2024
1588;1;16/1/2024;N/A
1589;5;29/5/2024;7/8/2024
1590;5;28/5/2024;22/3/2025
1591;3;9/5/2024;10/11/2024
1592;5;30/5/2024;12/3/2025
1593;5;24/1/2024;27/5/2024
1594;5;7/1/2024;14/11/2024
1595;1;10/3/2024;N/A
1596;4;1/3/2024;19/3/2024
1597;3;29/7/2023;18/2/2024
1598;3;15/12/2023;23/11/2024
1599;3;17/2/2024;10/6/2024
1600;2;13/5/2024;22/11/2024
1601;3;22/11/2023;15/8/2024
1602;2;19/11/2023;20/9/2024
1603;3;6/2/2024;16/5/2024
1604;2;1/5/2024;23/5/2024
1605;2;8/3/2024;1/9/2024
1606;5;4/1/2024;13/5/2024
1607;2;23/2/2024;31/8/2024
1608;5;29/12/2023;15/3/2024
1609;2;25/7/2023;16/3/2024
1610;5;24/10/2023;17/4/2024
1611;4;8/4/2024;7/1/2025
1612;3;16/8/2023;29/5/2024
1613;5;28/4/2024;18/3/2025
1614;3;3/4/2024;24/2/2025
1615;2;7/10/2023;23/9/2024
1616;5;19/5/2024;1/4/2025
1617;4;23/4/2024;15/9/2024
1618;4;30/10/2023;2/6/2024
1619;4;2/5/2024;14/10/2024
1620;3;5/1/2024;5/10/2024
1621;3;26/8/2023;26/10/2023
1622;1;11/7/2023;N/A
1623;2;29/4/2024;24/9/2024
1624;1;9/9/2023;N/A
1625;3;26/10/2023;26/11/2023
1626;4;4/4/2024;23/11/2024
1627;2;22/10/2023;31/5/2024
1628;2;23/6/2023;7/6/2024
1629;5;6/3/2024;26/9/2024
1630;1;8/4/2024;N/A
1631;2;7/3/2024;24/8/2024
1632;4;31/8/2023;22/9/2023
1633;1;10/1/2024;N/A
1634;1;3/1/2024;N/A
1635;3;15/6/2024;15/7/2024
1636;4;2/4/2024;22/9/2024
1637;1;6/2/2024;N/A
1638;4;5/5/2024;14/3/2025
1639;5;23/10/2023;30/6/2024
1640;1;26/9/2023;N/A
1641;3;23/6/2023;28/11/2023
1642;4;6/4/2024;9/12/2024
1643;5;24/4/2024;14/8/2024
1644;4;20/4/2024;3/4/2025
1645;1;28/7/2023;N/A
1646;2;27/12/2023;5/5/2024
1647;3;10/1/2024;6/6/2024
1648;4;26/2/2024;24/7/2024
1649;3;2/4/2024;25/7/2024
1650;4;22/3/2024;23/1/2025
1651;2;26/11/2023;2/3/2024
1652;3;7/12/2023;18/9/2024
1653;4;2/5/2024;12/2/2025
1654;1;7/1/2024;N/A
1655;4;16/7/2023;31/5/2024
1656;4;30/5/2024;13/3/2025
1657;5;27/1/2024;20/9/2024
1658;5;7/8/2023;16/11/2023
1659;1;30/12/2023;N/A
1660;5;17/6/2024;29/9/2024
1661;2;9/4/2024;10/2/2025
1662;1;3/2/2024;N/A
1663;5;13/1/2024;18/4/2024
1664;4;12/9/2023;18/8/2024
1665;2;19/11/2023;30/11/2023
1666;1;30/10/2023;N/A
1667;3;10/11/2023;2/12/2023
1668;1;1/1/2024;N/A
1669;2;11/1/2024;30/10/2024
1670;3;28/8/2023;6/5/2024
1671;1;19/2/2024;N/A
1672;3;9/11/2023;12/2/2024
1673;3;18/11/2023;13/1/2024
1674;3;24/7/2023;25/6/2024
1675;4;28/9/2023;18/12/2023
1676;2;5/8/2023;29/8/2023
1677;4;25/8/2023;25/11/2023
1678;2;10/5/2024;12/5/2024
1679;4;24/1/2024;9/1/2025
1680;5;2/1/2024;24/7/2024
1681;5;22/9/2023;9/3/2024
1682;4;26/5/2024;7/3/2025
1683;4;10/6/2024;25/6/2024
1684;4;25/10/2023;10/5/2024
1685;4;8/11/2023;14/3/2024
1686;4;26/1/2024;22/7/2024
1687;3;29/3/2024;28/6/2024
1688;5;10/1/2024;10/4/2024
1689;3;10/10/2023;25/7/2024
1690;2;4/8/2023;1/11/2023
1691;3;10/8/2023;20/4/2024
1692;3;19/10/2023;6/11/2023
1693;2;26/5/2024;16/12/2024
1694;2;24/7/2023;1/6/2024
1695;5;2/3/2024;11/2/2025
1696;3;20/1/2024;6/4/2024
1697;4;2/1/2024;8/1/2024
1698;2;25/1/2024;3/12/2024
1699;1;13/10/2023;N/A
1700;3;10/3/2024;28/12/2024
1701;4;1/5/2024;16/8/2024
1702;1;26/6/2023;N/A
1703;1;28/10/2023;N/A
1704;3;5/5/2024;15/5/2024
1705;5;10/2/2024;17/9/2024
1706;2;10/7/2023;24/8/2023
1707;1;3/1/2024;N/A
1708;2;14/1/2024;29/6/2024
1709;1;21/3/2024;N/A
1710;4;20/3/2024;8/11/2024
1711;2;13/2/2024;31/10/2024
1712;5;2/8/2023;3/9/2023
1713;3;30/8/2023;8/10/2023
1714;5;4/9/2023;27/5/2024
1715;2;31/7/2023;3/11/2023
1716;5;28/3/2024;22/5/2024
1717;3;13/9/2023;15/5/2024
1718;1;11/6/2024;N/A
1719;1;18/2/2024;N/A
1720;3;5/12/2023;14/1/2024
1721;5;21/3/2024;30/4/2024
1722;1;27/4/2024;N/A
1723;2;1/1/2024;13/9/2024
1724;1;24/6/2023;N/A
1725;1;10/12/2023;N/A
1726;3;1/3/2024;6/4/2024
1727;4;19/4/2024;24/3/2025
1728;4;24/11/2023;1/3/2024
1729;3;3/5/2024;2/7/2024
1730;5;8/2/2024;26/12/2024
1731;4;15/1/2024;14/7/2024
1732;1;14/5/2024;N/A
1733;5;13/1/2024;6/11/2024
1734;5;10/9/2023;1/12/2023
1735;3;31/8/2023;15/2/2024
1736;2;15/1/2024;4/4/2024
1737;1;3/3/2024;N/A
1738;4;4/12/2023;20/1/2024
1739;5;20/8/2023;18/5/2024
1740;5;8/4/2024;25/10/2024
1741;1;4/6/2024;N/A
1742;3;21/5/2024;18/5/2025
1743;5;27/10/2023;30/7/2024
1744;4;30/9/2023;21/6/2024
1745;5;21/1/2024;30/1/2024
1746;5;7/8/2023;29/10/2023
1747;3;28/12/2023;26/9/2024
1748;2;4/2/2024;26/8/2024
1749;4;27/6/2023;6/7/2023
1750;4;7/2/2024;21/7/2024
1751;2;8/6/2024;28/1/2025
1752;1;31/5/2024;N/A
1753;1;19/7/2023;N/A
1754;4;8/6/2024;23/11/2024
1755;1;21/12/2023;N/A
1756;3;10/6/2024;30/9/2024
1757;3;22/3/2024;18/2/2025
1758;5;4/6/2024;11/11/2024
1759;5;12/1/2024;10/8/2024
1760;5;12/2/2024;19/9/2024
1761;1;26/6/2023;N/A
1762;2;17/5/2024;12/1/2025
1763;5;22/5/2024;4/1/2025
1764;5;1/2/2024;13/4/2024
1765;3;28/7/2023;11/10/2023
1766;5;15/12/2023;16/3/2024
1767;4;19/11/2023;30/7/2024
1768;4;30/11/2023;17/5/2024
1769;2;22/9/2023;16/1/2024
1770;1;20/11/2023;N/A
1771;3;5/8/2023;5/6/2024
1772;1;24/4/2024;N/A
1773;4;30/3/2024;14/5/2024
1774;3;3/10/2023;7/5/2024
1775;3;28/5/2024;10/2/2025
1776;4;15/5/2024;21/12/2024
1777;4;26/3/2024;9/2/2025
1778;5;7/4/2024;11/6/2024
1779;3;18/2/2024;9/1/2025
1780;5;22/12/2023;27/10/2024
1781;3;21/2/2024;5/5/2024
1782;1;14/8/2023;N/A
1783;1;28/9/2023;N/A
1784;1;25/11/2023;N/A
1785;2;21/7/2023;6/2/2024
1786;2;15/10/2023;4/3/2024
1787;4;10/8/2023;12/7/2024
1788;3;24/7/2023;8/6/2024
1789;1;15/5/2024;N/A
1790;3;30/11/2023;27/11/2024
1791;4;24/6/2023;29/11/2023
1792;2;24/12/2023;1/12/2024
1793;4;15/10/2023;26/4/2024
1794;1;10/3/2024;N/A
1795;5;15/9/2023;9/7/2024
1796;1;28/12/2023;N/A
1797;4;8/10/2023;26/9/2024
1798;2;16/3/2024;24/1/2025
1799;5;9/3/2024;18/4/2024
1800;5;16/11/2023;20/11/2023
1801;2;2/10/2023;22/4/2024
1802;5;19/6/2024;29/9/2024
1803;4;22/5/2024;30/6/2024
1804;4;22/6/2023;2/2/2024
1805;1;18/7/2023;N/A
1806;4;3/3/2024;19/5/2024
1807;2;28/6/2023;31/10/2023
1808;5;20/1/2024;16/7/2024
1809;5;12/3/2024;28/4/2024
1810;4;2/4/2024;6/6/2024
1811;2;16/1/2024;5/1/2025
1812;3;28/10/2023;10/10/2024
1813;5;8/11/2023;12/2/2024
1814;4;11/5/2024;11/5/2024
1815;5;8/7/2023;21/8/2023
1816;2;12/6/2024;24/1/2025
1817;5;29/4/2024;3/5/2024
1818;1;10/12/2023;N/A
1819;4;6/2/2024;17/9/2024
1820;5;5/12/2023;2/9/2024
1821;1;14/1/2024;N/A
1822;3;20/6/2024;4/3/2025
1823;4;14/1/2024;25/12/2024
1824;4;10/9/2023;21/10/2023
1825;4;26/12/2023;18/9/2024
1826;1;23/9/2023;N/A
1827;5;2/2/2024;5/5/2024
1828;4;13/5/2024;16/5/2024
1829;3;20/2/2024;27/7/2024
1830;4;25/4/2024;5/8/2024
1831;4;5/5/2024;9/5/2024
1832;5;19/1/2024;2/9/2024
1833;2;15/2/2024;4/10/2024
1834;4;24/2/2024;3/10/2024
1835;1;10/11/2023;N/A
1836;3;18/9/2023;15/5/2024
1837;1;23/6/2023;N/A
1838;2;18/8/2023;26/7/2024
1839;3;5/3/2024;13/12/2024
1840;3;12/7/2023;7/7/2024
1841;1;28/3/2024;N/A
1842;3;10/11/2023;21/9/2024
1843;2;25/1/2024;22/11/2024
1844;2;1/9/2023;31/7/2024
1845;5;7/9/2023;23/3/2024
1846;3;28/12/2023;27/11/2024
1847;2;7/11/2023;7/7/2024
1848;3;16/7/2023;24/3/2024
1849;3;22/8/2023;24/3/2024
1850;3;18/11/2023;25/6/2024
1851;2;15/7/2023;3/3/2024
1852;1;18/3/2024;N/A
1853;2;15/5/2024;4/4/2025
1854;5;14/1/2024;19/6/2024
1855;2;19/4/2024;3/11/2024
1856;1;10/6/2024;N/A
1857;2;21/7/2023;3/7/2024
1858;3;17/5/2024;26/10/2024
1859;3;15/4/2024;17/8/2024
1860;5;14/1/2024;10/2/2024
1861;1;22/5/2024;N/A
1862;5;11/1/2024;23/11/2024
1863;3;25/1/2024;10/5/2024
1864;5;14/12/2023;4/9/2024
1865;4;22/5/2024;17/5/2025
1866;1;14/12/2023;N/A
1867;1;1/9/2023;N/A
1868;5;25/10/2023;3/12/2023
1869;5;9/10/2023;23/10/2023
1870;1;13/1/2024;N/A
1871;5;25/4/2024;12/10/2024
1872;4;28/9/2023;4/3/2024
1873;4;14/4/2024;24/9/2024
1874;1;20/11/2023;N/A
1875;5;27/11/2023;28/5/2024
1876;3;30/8/2023;22/4/2024
1877;1;31/12/2023;N/A
1878;5;16/7/2023;27/2/2024
1879;1;28/1/2024;N/A
1880;5;7/1/2024;24/3/2024
1881;5;28/4/2024;13/9/2024
1882;1;24/6/2023;N/A
1883;1;14/4/2024;N/A
1884;3;2/8/2023;11/10/2023
1885;4;8/2/2024;14/1/2025
1886;3;30/7/2023;11/9/2023
1887;2;20/10/2023;1/4/2024
1888;5;14/12/2023;11/8/2024
1889;5;20/10/2023;16/6/2024
1890;3;27/2/2024;21/1/2025
1891;2;12/1/2024;30/8/2024
1892;5;7/3/2024;21/3/2024
1893;4;1/7/2023;13/2/2024
1894;4;4/2/2024;5/12/2024
1895;2;3/5/2024;6/12/2024
1896;1;21/11/2023;N/A
1897;5;18/2/2024;12/1/2025
1898;4;14/5/2024;21/7/2024
1899;3;14/3/2024;29/3/2024
1900;4;21/7/2023;4/8/2023
1901;5;15/10/2023;28/12/2023
1902;1;4/7/2023;N/A
1903;3;16/8/2023;8/5/2024
1904;1;14/2/2024;N/A
1905;4;20/6/2024;28/3/2025
1906;2;10/7/2023;17/7/2023
1907;5;20/5/2024;24/10/2024
1908;3;28/10/2023;10/1/2024
1909;2;14/2/2024;22/2/2024
1910;5;28/1/2024;28/11/2024
1911;5;21/11/2023;30/7/2024
1912;4;28/6/2023;13/9/2023
1913;2;17/9/2023;29/11/2023
1914;1;15/10/2023;N/A
1915;4;7/12/2023;15/3/2024
1916;2;15/10/2023;17/5/2024
1917;1;3/11/2023;N/A
1918;4;14/12/2023;21/5/2024
1919;5;11/10/2023;3/10/2024
1920;1;9/2/2024;N/A
1921;5;28/2/2024;23/5/2024
1922;2;30/5/2024;11/4/2025
1923;1;25/5/2024;N/A
1924;2;23/10/2023;27/12/2023
1925;1;19/5/2024;N/A
1926;2;22/2/2024;7/12/2024
1927;4;23/2/2024;1/3/2024
1928;3;8/6/2024;21/10/2024
1929;5;10/1/2024;26/7/2024
1930;4;28/6/2023;13/3/2024
1931;1;8/9/2023;N/A
1932;1;6/12/2023;N/A
1933;4;16/1/2024;14/2/2024
1934;2;17/3/2024;2/9/2024
1935;3;10/7/2023;25/4/2024
1936;4;5/2/2024;1/5/2024
1937;4;29/2/2024;8/3/2024
1938;4;16/5/2024;25/8/2024
1939;2;3/10/2023;29/2/2024
1940;3;2/8/2023;17/3/2024
1941;5;27/4/2024;16/4/2025
1942;3;18/7/2023;5/11/2023
1943;3;30/7/2023;30/10/2023
1944;4;12/8/2023;22/10/2023
1945;1;13/3/2024;N/A
1946;1;3/2/2024;N/A
1947;1;11/3/2024;N/A
1948;1;31/12/2023;N/A
1949;3;4/11/2023;24/4/2024
1950;2;19/10/2023;5/9/2024
1951;3;4/6/2024;24/6/2024
1952;4;6/11/2023;24/7/2024
1953;1;9/2/2024;N/A
1954;1;6/4/2024;N/A
1955;3;17/5/2024;7/5/2025
1956;2;14/2/2024;18/6/2024
1957;3;10/1/2024;21/1/2024
1958;5;12/3/2024;30/6/2024
1959;1;13/7/2023;N/A
1960;4;29/4/2024;21/5/2024
1961;5;1/10/2023;20/5/2024
1962;5;23/8/2023;26/5/2024
1963;1;23/10/2023;N/A
1964;2;8/10/2023;30/8/2024
1965;5;30/1/2024;19/1/2025
1966;2;31/12/2023;9/7/2024
1967;4;18/3/2024;9/5/2024
1968;2;18/8/2023;23/9/2023
1969;4;14/7/2023;2/2/2024
1970;4;28/4/2024;23/1/2025
1971;2;8/3/2024;17/6/2024
1972;1;20/7/2023;N/A
1973;1;19/6/2024;N/A
1974;3;6/4/2024;2/3/2025
1975;1;6/11/2023;N/A
1976;2;6/4/2024;26/3/2025
1977;1;12/1/2024;N/A
1978;5;17/4/2024;16/2/2025
1979;2;28/3/2024;10/12/2024
1980;3;1/8/2023;7/8/2023
1981;3;30/8/2023;2/10/2023
1982;5;21/4/2024;18/3/2025
1983;2;9/8/2023;3/8/2024
1984;4;18/1/2024;18/2/2024
1985;3;9/11/2023;26/8/2024
1986;2;29/8/2023;22/3/2024
1987;5;4/1/2024;27/9/2024
1988;3;7/9/2023;31/12/2023
1989;1;29/5/2024;N/A
1990;2;23/9/2023;12/12/2023
1991;3;2/7/2023;12/6/2024
1992;4;5/3/2024;3/12/2024
1993;3;5/3/2024;5/6/2024
1994;5;1/1/2024;25/6/2024
1995;1;9/1/2024;N/A
1996;4;22/1/2024;3/2/2024
1997;3;5/6/2024;10/12/2024
1998;1;7/1/2024;N/A
1999;1;24/9/2023;N/A
2000;4;29/7/2023;10/2/2024
2001;5;13/10/2023;21/1/2024
2002;4;14/12/2023;17/1/2024
2003;3;10/11/2023;12/8/2024
2004;3;3/11/2023;5/11/2023
2005;1;31/7/2023;N/A
2006;2;9/1/2024;14/12/2024
2007;5;13/8/2023;30/8/2023
2008;2;30/7/2023;24/2/2024
2009;2;26/10/2023;1/11/2023
2010;1;16/12/2023;N/A
2011;1;5/10/2023;N/A
2012;1;8/8/2023;N/A
2013;3;15/10/2023;22/9/2024
2014;3;11/12/2023;17/6/2024
2015;4;12/1/2024;17/4/2024
2016;2;7/4/2024;16/8/2024
2017;5;8/1/2024;27/10/2024
2018;1;20/6/2024;N/A
2019;4;5/3/2024;8/3/2024
2020;1;16/3/2024;N/A
2021;5;4/7/2023;23/7/2023
2022;3;9/2/2024;7/4/2024
2023;1;30/8/2023;N/A
2024;4;1/8/2023;22/8/2023
2025;4;29/3/2024;26/4/2024
2026;5;10/11/2023;28/2/2024
2027;3;31/12/2023;20/4/2024
2028;2;3/9/2023;20/10/2023
2029;4;11/10/2023;8/11/2023
2030;2;7/3/2024;28/3/2024
2031;1;18/2/2024;N/A
2032;2;6/11/2023;25/6/2024
2033;3;19/7/2023;17/7/2024
2034;5;3/5/2024;7/11/2024
2035;1;13/10/2023;N/A
2036;5;2/6/2024;3/6/2024
2037;3;14/6/2024;15/1/2025
2038;4;30/3/2024;28/7/2024
2039;2;9/8/2023;6/3/2024
2040;2;8/10/2023;16/8/2024
2041;5;2/6/2024;30/4/2025
2042;5;18/7/2023;1/8/2023
2043;2;18/9/2023;4/6/2024
2044;2;7/4/2024;22/7/2024
2045;2;18/2/2024;9/4/2024
2046;1;19/7/2023;N/A
2047;1;1/8/2023;N/A
2048;5;14/6/2024;16/9/2024
2049;5;30/6/2023;4/12/2023
2050;4;21/1/2024;6/4/2024
2051;5;3/9/2023;12/12/2023
2052;3;2/4/2024;2/8/2024
2053;1;13/9/2023;N/A
2054;3;21/4/2024;19/11/2024
2055;3;7/2/2024;2/4/2024
2056;5;23/11/2023;22/10/2024
2057;5;30/7/2023;20/2/2024
2058;1;6/2/2024;N/A
2059;3;8/4/2024;20/5/2024
2060;3;28/7/2023;18/9/2023
2061;2;31/1/2024;18/5/2024
2062;5;20/8/2023;12/7/2024
2063;2;10/10/2023;19/4/2024
2064;5;26/6/2023;2/2/2024
2065;4;9/11/2023;19/6/2024
2066;2;30/9/2023;28/7/2024
2067;2;7/9/2023;24/7/2024
2068;5;22/7/2023;8/7/2024
2069;3;7/7/2023;30/5/2024
2070;5;20/5/2024;7/11/2024
2071;5;11/7/2023;18/5/2024
2072;2;1/3/2024;24/11/2024
2073;2;16/5/2024;4/7/2024
2074;2;16/8/2023;6/4/2024
2075;5;10/3/2024;27/1/2025
2076;2;6/5/2024;14/10/2024
2077;4;13/6/2024;23/12/2024
2078;5;4/11/2023;2/5/2024
2079;2;30/1/2024;15/11/2024
2080;2;3/8/2023;13/6/2024
2081;5;8/10/2023;11/5/2024
2082;4;1/1/2024;17/6/2024
2083;1;20/2/2024;N/A
2084;2;12/9/2023;2/5/2024
2085;3;2/1/2024;12/2/2024
2086;5;28/3/2024;20/9/2024
2087;4;23/7/2023;4/12/2023
2088;5;6/9/2023;18/12/2023
2089;4;14/6/2024;19/2/2025
2090;5;8/2/2024;19/2/2024
2091;2;14/12/2023;6/11/2024
2092;1;16/4/2024;N/A
2093;5;22/3/2024;21/7/2024
2094;3;25/3/2024;4/4/2024
2095;1;18/1/2024;N/A
2096;1;18/3/2024;N/A
2097;1;30/10/2023;N/A
2098;4;1/9/2023;16/10/2023
2099;5;25/1/2024;7/12/2024
2100;3;24/4/2024;31/12/2024
2101;1;20/11/2023;N/A
2102;1;30/8/2023;N/A
2103;5;21/3/2024;1/3/2025
2104;5;23/4/2024;17/5/2024
2105;2;23/11/2023;30/1/2024
2106;5;14/8/2023;7/6/2024
2107;1;6/10/2023;N/A
2108;2;9/12/2023;4/2/2024
2109;3;20/5/2024;28/9/2024
2110;4;3/6/2024;25/5/2025
2111;4;31/12/2023;19/12/2024
2112;3;1/5/2024;15/1/2025
2113;1;23/9/2023;N/A
2114;5;16/2/2024;27/3/2024
2115;1;29/12/2023;N/A
2116;5;21/9/2023;8/1/2024
2117;2;13/2/2024;29/3/2024
2118;2;14/8/2023;3/5/2024
2119;5;26/4/2024;10/9/2024
2120;4;25/3/2024;25/10/2024
2121;5;5/9/2023;19/12/2023
2122;3;27/1/2024;10/12/2024
2123;4;2/10/2023;31/3/2024
2124;5;12/10/2023;4/7/2024
2125;5;5/5/2024;18/9/2024
2126;3;25/11/2023;25/3/2024
2127;2;16/7/2023;5/2/2024
2128;4;2/9/2023;24/6/2024
2129;5;16/6/2024;10/1/2025
2130;5;21/10/2023;14/3/2024
2131;5;10/3/2024;8/3/2025
2132;4;22/4/2024;19/6/2024
2133;1;20/1/2024;N/A
2134;5;9/1/2024;8/6/2024
2135;4;1/1/2024;8/10/2024
2136;3;27/10/2023;20/8/2024
2137;5;12/1/2024;1/11/2024
2138;2;27/7/2023;18/5/2024
2139;4;16/6/2024;1/8/2024
2140;5;20/6/2024;20/5/2025
2141;5;9/10/2023;4/8/2024
2142;4;1/3/2024;1/10/2024
2143;3;11/3/2024;11/4/2024
2144;4;12/4/2024;27/4/2024
2145;3;8/10/2023;8/4/2024
2146;5;29/8/2023;3/9/2023
2147;1;14/10/2023;N/A
2148;4;29/1/2024;29/2/2024
2149;5;20/9/2023;8/1/2024
2150;4;18/1/2024;28/6/2024
2151;3;2/4/2024;16/5/2024
2152;3;16/5/2024;8/3/2025
2153;1;4/12/2023;N/A
2154;2;28/11/2023;25/6/2024
2155;2;13/3/2024;4/5/2024
2156;5;23/7/2023;14/11/2023
2157;2;12/11/2023;31/1/2024
2158;3;26/7/2023;21/8/2023
2159;3;11/12/2023;9/5/2024
2160;2;2/2/2024;24/11/2024
2161;5;12/11/2023;14/1/2024
2162;3;30/7/2023;21/10/2023
2163;3;23/1/2024;10/4/2024
2164;3;5/5/2024;13/9/2024
2165;5;29/3/2024;8/5/2024
2166;4;27/6/2023;22/11/2023
2167;4;6/2/2024;12/5/2024
2168;4;17/12/2023;20/2/2024
2169;5;28/5/2024;4/10/2024
2170;2;1/6/2024;25/8/2024
2171;4;25/9/2023;22/12/2023
2172;1;10/9/2023;N/A
2173;5;22/1/2024;5/10/2024
2174;3;24/11/2023;17/7/2024
2175;1;1/4/2024;N/A
2176;3;29/4/2024;30/8/2024
2177;5;5/4/2024;12/10/2024
2178;3;26/9/2023;15/8/2024
2179;2;16/4/2024;9/8/2024
2180;1;6/12/2023;N/A
2181;2;19/2/2024;4/10/2024
2182;3;8/4/2024;13/7/2024
2183;5;12/7/2023;8/8/2023
2184;2;18/9/2023;9/11/2023
2185;4;6/3/2024;27/5/2024
2186;1;20/10/2023;N/A
2187;4;31/7/2023;29/3/2024
2188;4;25/10/2023;18/5/2024
2189;4;1/6/2024;10/3/2025
2190;4;18/3/2024;22/4/2024
2191;4;18/1/2024;17/6/2024
2192;1;17/8/2023;N/A
2193;4;30/12/2023;10/9/2024
2194;1;12/6/2024;N/A
2195;2;30/1/2024;16/12/2024
2196;3;25/1/2024;26/7/2024
2197;1;1/4/2024;N/A
2198;3;12/11/2023;13/4/2024
2199;3;14/2/2024;5/5/2024
2200;2;19/3/2024;7/11/2024
2201;3;25/11/2023;6/4/2024
2202;5;30/4/2024;28/7/2024
2203;1;9/9/2023;N/A
2204;5;5/5/2024;12/4/2025
2205;5;20/11/2023;19/5/2024
2206;1;18/8/2023;N/A
2207;2;4/7/2023;7/5/2024
2208;2;15/5/2024;29/4/2025
2209;2;22/12/2023;12/1/2024
2210;5;8/2/2024;26/1/2025
2211;4;16/3/2024;31/8/2024
2212;4;8/3/2024;3/4/2024
2213;2;7/10/2023;1/10/2024
2214;5;19/4/2024;10/8/2024
2215;2;29/8/2023;11/5/2024
2216;3;1/10/2023;31/1/2024
2217;5;11/8/2023;9/7/2024
2218;3;4/12/2023;21/10/2024
2219;2;8/8/2023;8/2/2024
2220;2;1/5/2024;24/2/2025
2221;1;15/2/2024;N/A
2222;5;13/11/2023;27/12/2023
2223;2;15/3/2024;26/11/2024
2224;1;25/11/2023;N/A
2225;1;11/12/2023;N/A
2226;2;26/11/2023;24/1/2024
2227;1;27/10/2023;N/A
2228;2;20/4/2024;25/8/2024
2229;4;8/10/2023;14/3/2024
2230;1;28/4/2024;N/A
2231;4;15/8/2023;16/11/2023
2232;1;24/7/2023;N/A
2233;1;27/7/2023;N/A
2234;4;18/7/2023;13/9/2023
2235;4;13/2/2024;4/9/2024
2236;4;24/5/2024;5/1/2025
2237;1;7/10/2023;N/A
2238;5;1/2/2024;25/8/2024
2239;5;26/6/2023;4/12/2023
2240;3;14/6/2024;10/9/2024
2241;2;26/2/2024;26/12/2024
2242;4;8/1/2024;30/11/2024
2243;2;2/9/2023;9/8/2024
2244;5;5/1/2024;4/7/2024
2245;1;17/7/2023;N/A
2246;4;16/2/2024;22/9/2024
2247;4;15/10/2023;6/6/2024
2248;2;11/5/2024;26/11/2024
2249;1;9/3/2024;N/A
2250;4;15/4/2024;30/8/2024
2251;1;5/2/2024;N/A
2252;1;10/6/2024;N/A
2253;1;27/3/2024;N/A
2254;2;15/3/2024;30/8/2024
2255;5;26/9/2023;13/10/2023
2256;2;26/2/2024;11/1/2025
2257;2;11/6/2024;3/5/2025
2258;2;3/6/2024;25/11/2024
2259;4;4/2/2024;1/10/2024
2260;2;20/8/2023;4/6/2024
2261;4;25/5/2024;22/1/2025
2262;3;10/1/2024;16/3/2024
2263;2;19/4/2024;29/4/2024
2264;2;9/3/2024;8/6/2024
2265;4;20/11/2023;3/11/2024
2266;4;26/2/2024;1/2/2025
2267;1;23/2/2024;N/A
2268;2;7/2/2024;21/4/2024
2269;1;21/10/2023;N/A
2270;1;23/1/2024;N/A
2271;1;16/2/2024;N/A
2272;4;6/8/2023;30/1/2024
2273;5;19/7/2023;8/12/2023
2274;1;25/12/2023;N/A
2275;3;24/7/2023;11/8/2023
2276;1;3/3/2024;N/A
2277;3;31/10/2023;7/4/2024
2278;3;8/12/2023;8/11/2024
2279;2;22/12/2023;12/2/2024
2280;5;25/6/2023;6/5/2024
2281;4;17/12/2023;4/4/2024
2282;4;10/8/2023;18/9/2023
2283;4;19/3/2024;24/5/2024
2284;3;9/9/2023;31/10/2023
2285;1;23/5/2024;N/A
2286;3;28/7/2023;8/5/2024
2287;3;29/11/2023;23/2/2024
2288;2;1/4/2024;2/3/2025
2289;5;3/5/2024;26/10/2024
2290;3;7/5/2024;4/7/2024
2291;2;13/2/2024;7/7/2024
2292;1;4/9/2023;N/A
2293;2;27/9/2023;29/4/2024
2294;5;12/11/2023;14/8/2024
2295;4;27/11/2023;30/4/2024
2296;1;22/9/2023;N/A
2297;3;19/1/2024;31/8/2024
2298;1;25/11/2023;N/A
2299;4;24/8/2023;14/2/2024
2300;5;5/12/2023;14/6/2024
2301;1;15/7/2023;N/A
2302;4;2/3/2024;15/8/2024
2303;1;20/2/2024;N/A
2304;1;8/11/2023;N/A
2305;2;14/12/2023;21/4/2024
2306;2;3/11/2023;1/3/2024
2307;4;27/6/2023;7/3/2024
2308;5;21/12/2023;29/5/2024
2309;2;24/8/2023;11/6/2024
2310;5;14/12/2023;28/5/2024
2311;1;9/1/2024;N/A
2312;2;3/1/2024;4/8/2024
2313;1;31/1/2024;N/A
2314;3;27/6/2023;18/4/2024
2315;3;10/11/2023;9/12/2023
2316;3;30/1/2024;23/3/2024
2317;4;7/4/2024;3/7/2024
2318;5;22/11/2023;3/6/2024
2319;5;29/4/2024;20/2/2025
2320;2;28/3/2024;15/8/2024
2321;5;9/8/2023;6/1/2024
2322;2;30/10/2023;20/9/2024
2323;5;8/12/2023;2/7/2024
2324;2;28/2/2024;14/10/2024
2325;4;13/7/2023;12/8/2023
2326;5;2/3/2024;17/8/2024
2327;2;14/7/2023;6/7/2024
2328;2;27/12/2023;22/12/2024
2329;5;25/2/2024;22/6/2024
2330;3;19/1/2024;10/2/2024
2331;3;28/3/2024;26/6/2024
2332;1;13/10/2023;N/A
2333;3;12/11/2023;10/10/2024
2334;2;27/10/2023;8/6/2024
2335;3;23/4/2024;23/9/2024
2336;3;22/7/2023;30/1/2024
2337;4;14/10/2023;20/11/2023
2338;2;12/4/2024;30/9/2024
2339;2;15/5/2024;4/9/2024
2340;4;12/2/2024;14/4/2024
2341;5;21/4/2024;7/1/2025
2342;5;23/3/2024;14/3/2025
2343;3;12/2/2024;21/12/2024
2344;1;26/3/2024;N/A
2345;2;27/1/2024;9/1/2025
2346;5;6/1/2024;14/5/2024
2347;1;18/5/2024;N/A
2348;3;21/2/2024;15/8/2024
2349;5;22/6/2023;21/9/2023
2350;1;13/10/2023;N/A
2351;4;22/3/2024;12/12/2024
2352;4;16/3/2024;3/10/2024
2353;5;2/10/2023;13/4/2024
2354;5;26/7/2023;21/10/2023
2355;3;2/12/2023;11/4/2024
2356;2;23/9/2023;26/5/2024
2357;1;29/8/2023;N/A
2358;2;27/2/2024;21/11/2024
2359;3;15/8/2023;13/4/2024
2360;5;25/6/2023;31/8/2023
2361;5;7/10/2023;1/5/2024
2362;1;31/10/2023;N/A
2363;1;30/3/2024;N/A
2364;3;18/4/2024;17/3/2025
2365;2;28/11/2023;27/3/2024
2366;4;25/1/2024;18/1/2025
2367;4;20/12/2023;23/11/2024
2368;1;21/3/2024;N/A
2369;3;17/11/2023;24/8/2024
2370;4;28/4/2024;12/8/2024
2371;5;3/2/2024;9/6/2024
2372;1;26/5/2024;N/A
2373;1;21/10/2023;N/A
2374;2;20/7/2023;9/11/2023
2375;4;28/4/2024;16/1/2025
2376;5;27/8/2023;24/8/2024
2377;5;3/1/2024;19/6/2024
2378;5;10/4/2024;3/8/2024
2379;2;10/3/2024;29/6/2024
2380;2;10/5/2024;30/10/2024
2381;3;23/1/2024;29/11/2024
2382;4;5/11/2023;29/9/2024
2383;5;5/10/2023;19/1/2024
2384;3;26/10/2023;7/8/2024
2385;3;15/10/2023;5/11/2023
2386;1;10/1/2024;N/A
2387;1;24/1/2024;N/A
2388;4;28/7/2023;18/12/2023
2389;1;3/6/2024;N/A
2390;1;15/3/2024;N/A
2391;4;11/12/2023;27/6/2024
2392;2;10/6/2024;7/3/2025
2393;2;19/9/2023;16/7/2024
2394;3;4/4/2024;1/2/2025
2395;1;17/11/2023;N/A
2396;5;7/1/2024;12/6/2024
2397;3;13/3/2024;11/12/2024
2398;1;15/12/2023;N/A
2399;5;24/10/2023;14/8/2024
2400;1;23/7/2023;N/A
2401;1;4/11/2023;N/A
2402;4;6/1/2024;6/12/2024
2403;3;9/4/2024;11/4/2024
2404;4;5/6/2024;21/8/2024
2405;2;29/7/2023;26/12/2023
2406;1;2/8/2023;N/A
2407;3;18/8/2023;6/9/2023
2408;5;16/2/2024;28/3/2024
2409;4;5/8/2023;25/4/2024
2410;3;30/10/2023;29/4/2024
2411;2;28/12/2023;28/1/2024
2412;4;14/11/2023;1/1/2024
2413;3;20/7/2023;13/3/2024
2414;1;29/6/2023;N/A
2415;1;11/8/2023;N/A
2416;5;13/4/2024;1/12/2024
2417;5;15/9/2023;2/11/2023
2418;1;15/12/2023;N/A
2419;1;4/2/2024;N/A
2420;1;10/1/2024;N/A
2421;4;20/10/2023;4/4/2024
2422;1;10/1/2024;N/A
2423;4;1/2/2024;7/4/2024
2424;1;4/5/2024;N/A
2425;5;22/9/2023;30/5/2024
2426;5;24/12/2023;23/10/2024
2427;5;27/6/2023;23/7/2023
2428;5;27/2/2024;18/4/2024
2429;4;17/1/2024;17/7/2024
2430;5;8/8/2023;18/3/2024
2431;5;21/3/2024;25/10/2024
2432;1;17/3/2024;N/A
2433;1;8/6/2024;N/A
2434;4;5/10/2023;16/5/2024
2435;3;26/7/2023;28/4/2024
2436;4;8/3/2024;18/5/2024
2437;3;1/9/2023;17/1/2024
2438;2;1/12/2023;6/3/2024
2439;3;6/5/2024;8/2/2025
2440;5;27/1/2024;3/3/2024
2441;4;12/7/2023;11/12/2023
2442;4;16/11/2023;16/4/2024
2443;3;23/5/2024;8/9/2024
2444;5;19/4/2024;2/1/2025
2445;5;23/4/2024;27/9/2024
2446;4;19/4/2024;29/1/2025
2447;2;21/11/2023;7/7/2024
2448;3;13/9/2023;14/5/2024
2449;1;27/3/2024;N/A
2450;4;18/2/2024;26/8/2024
2451;3;7/10/2023;19/1/2024
2452;5;26/3/2024;5/12/2024
2453;5;20/8/2023;20/11/2023
2454;4;13/10/2023;23/7/2024
2455;2;9/7/2023;14/10/2023
2456;1;11/6/2024;N/A
2457;3;24/9/2023;7/8/2024
2458;1;24/6/2023;N/A
2459;2;28/8/2023;22/1/2024
2460;2;29/4/2024;7/6/2024
2461;2;9/8/2023;24/4/2024
2462;5;30/11/2023;6/4/2024
2463;3;23/1/2024;21/4/2024
2464;4;31/10/2023;30/1/2024
2465;4;7/4/2024;5/10/2024
2466;4;1/1/2024;20/6/2024
2467;4;17/4/2024;1/9/2024
2468;1;6/8/2023;N/A
2469;5;28/4/2024;1/6/2024
2470;2;27/10/2023;7/5/2024
2471;4;25/12/2023;22/8/2024
2472;1;1/7/2023;N/A
2473;2;15/7/2023;8/12/2023
2474;4;16/7/2023;6/4/2024
2475;3;29/2/2024;27/2/2025
2476;5;11/10/2023;22/5/2024
2477;4;10/7/2023;30/12/2023
2478;5;19/4/2024;5/12/2024
2479;2;29/6/2023;25/2/2024
2480;1;23/5/2024;N/A
2481;3;11/2/2024;19/2/2024
2482;2;4/11/2023;5/2/2024
2483;5;8/2/2024;26/10/2024
2484;1;28/9/2023;N/A
2485;4;15/6/2024;1/10/2024
2486;1;11/10/2023;N/A
2487;2;19/5/2024;22/1/2025
2488;2;10/11/2023;13/1/2024
2489;1;2/9/2023;N/A
2490;1;31/10/2023;N/A
2491;5;28/10/2023;20/9/2024
2492;4;22/1/2024;19/9/2024
2493;2;27/3/2024;25/12/2024
2494;2;8/11/2023;1/8/2024
2495;3;5/2/2024;23/5/2024
2496;3;27/7/2023;3/2/2024
2497;5;21/5/2024;10/7/2024
2498;2;23/10/2023;14/11/2023
2499;2;9/2/2024;12/6/2024
2500;3;3/6/2024;4/11/2024
2501;5;26/3/2024;19/8/2024
2502;2;3/1/2024;6/10/2024
2503;4;15/11/2023;25/6/2024
2504;3;23/8/2023;18/3/2024
2505;2;30/4/2024;27/6/2024
2506;2;24/9/2023;9/6/2024
2507;1;22/9/2023;N/A
2508;1;8/1/2024;N/A
2509;2;28/5/2024;18/9/2024
2510;4;27/7/2023;19/5/2024
2511;5;16/4/2024;12/7/2024
2512;4;10/1/2024;4/12/2024
2513;4;3/2/2024;30/11/2024
2514;5;19/8/2023;21/9/2023
2515;1;1/11/2023;N/A
2516;2;28/10/2023;27/2/2024
2517;2;31/12/2023;19/6/2024
2518;1;19/11/2023;N/A
2519;3;9/2/2024;29/9/2024
2520;3;21/12/2023;28/2/2024
2521;2;12/9/2023;29/5/2024
2522;4;22/10/2023;25/1/2024
2523;3;9/8/2023;22/10/2023
2524;4;28/8/2023;17/12/2023
2525;4;22/2/2024;10/5/2024
2526;5;26/11/2023;7/9/2024
2527;5;1/11/2023;17/10/2024
2528;1;1/8/2023;N/A
2529;5;27/5/2024;12/7/2024
2530;3;3/11/2023;12/3/2024
2531;5;9/3/2024;5/12/2024
2532;2;11/2/2024;23/3/2024
2533;4;19/6/2024;21/3/2025
2534;5;13/7/2023;23/11/2023
2535;3;12/2/2024;12/3/2024
2536;3;16/4/2024;26/11/2024
2537;1;30/12/2023;N/A
2538;5;31/10/2023;9/11/2023
2539;2;30/12/2023;28/5/2024
2540;3;21/12/2023;21/8/2024
2541;2;8/6/2024;11/3/2025
2542;4;8/11/2023;5/7/2024
2543;5;18/2/2024;3/12/2024
2544;3;19/1/2024;17/8/2024
2545;1;30/8/2023;N/A
2546;4;17/1/2024;31/7/2024
2547;1;7/2/2024;N/A
2548;3;21/4/2024;30/12/2024
2549;4;21/3/2024;27/12/2024
2550;1;1/12/2023;N/A
2551;5;5/6/2024;8/4/2025
2552;2;31/8/2023;23/6/2024
2553;5;11/1/2024;21/9/2024
2554;1;11/9/2023;N/A
2555;2;15/6/2024;30/8/2024
2556;3;3/6/2024;19/12/2024
2557;5;23/12/2023;1/7/2024
2558;1;22/6/2023;N/A
2559;1;1/11/2023;N/A
2560;1;3/12/2023;N/A
2561;5;10/7/2023;28/12/2023
2562;3;8/10/2023;17/2/2024
2563;3;4/4/2024;11/10/2024
2564;2;24/9/2023;27/3/2024
2565;1;14/10/2023;N/A
2566;4;22/12/2023;23/8/2024
2567;5;9/11/2023;13/11/2023
2568;3;24/2/2024;19/8/2024
2569;4;30/7/2023;10/11/2023
2570;4;11/3/2024;22/2/2025
2571;3;8/1/2024;16/9/2024
2572;2;5/11/2023;19/10/2024
2573;1;27/4/2024;N/A
2574;2;6/2/2024;30/9/2024
2575;4;2/10/2023;4/11/2023
2576;1;13/12/2023;N/A
2577;4;23/5/2024;4/2/2025
2578;3;8/5/2024;7/3/2025
2579;5;25/12/2023;20/6/2024
2580;3;12/7/2023;9/5/2024
2581;1;2/1/2024;N/A
2582;2;10/3/2024;7/5/2024
2583;2;8/11/2023;15/12/2023
2584;5;6/1/2024;7/11/2024
2585;3;6/4/2024;27/2/2025
2586;3;20/2/2024;15/11/2024
2587;5;28/5/2024;4/6/2024
2588;2;14/8/2023;19/5/2024
2589;1;19/4/2024;N/A
2590;3;23/2/2024;7/4/2024
2591;2;30/5/2024;5/9/2024
2592;5;22/3/2024;18/10/2024
2593;3;18/12/2023;10/1/2024
2594;1;31/3/2024;N/A
2595;3;16/5/2024;29/1/2025
2596;3;5/2/2024;1/2/2025
2597;5;21/12/2023;9/2/2024
2598;4;6/7/2023;15/9/2023
2599;2;27/1/2024;19/1/2025
2600;2;21/4/2024;20/1/2025
2601;3;12/5/2024;29/9/2024
2602;4;22/9/2023;3/2/2024
2603;2;16/3/2024;24/3/2024
2604;4;3/5/2024;9/5/2024
2605;1;20/1/2024;N/A
2606;1;20/1/2024;N/A
2607;5;1/11/2023;19/3/2024
2608;5;7/5/2024;13/9/2024
2609;4;27/1/2024;5/9/2024
2610;2;13/9/2023;22/4/2024
2611;1;30/11/2023;N/A
2612;1;9/4/2024;N/A
2613;1;29/4/2024;N/A
2614;5;14/10/2023;20/5/2024
2615;4;18/7/2023;7/10/2023
2616;2;19/5/2024;25/11/2024
2617;3;26/9/2023;16/2/2024
2618;2;8/6/2024;20/6/2024
2619;5;29/11/2023;28/2/2024
2620;4;23/10/2023;5/11/2023
2621;4;15/1/2024;10/6/2024
2622;3;4/10/2023;7/7/2024
2623;3;7/2/2024;24/1/2025
2624;5;19/6/2024;10/6/2025
2625;2;2/1/2024;31/1/2024
2626;2;16/11/2023;1/9/2024
2627;4;19/4/2024;31/8/2024
2628;1;23/4/2024;N/A
2629;3;2/1/2024;11/5/2024
2630;4;28/3/2024;9/12/2024
2631;3;15/3/2024;5/10/2024
2632;1;17/2/2024;N/A
2633;1;14/10/2023;N/A
2634;4;24/4/2024;4/9/2024
2635;1;15/3/2024;N/A
2636;4;17/4/2024;22/12/2024
2637;4;7/7/2023;7/8/2023
2638;1;9/2/2024;N/A
2639;2;25/9/2023;5/6/2024
2640;5;29/2/2024;4/4/2024
2641;1;12/6/2024;N/A
2642;1;4/7/2023;N/A
2643;5;21/10/2023;1/10/2024
2644;3;24/2/2024;24/1/2025
2645;4;3/10/2023;11/2/2024
2646;5;6/2/2024;9/4/2024
2647;3;3/1/2024;17/11/2024
2648;2;19/3/2024;18/11/2024
2649;5;30/10/2023;21/12/2023
2650;4;11/10/2023;5/10/2024
2651;5;1/9/2023;21/2/2024
2652;5;15/9/2023;2/9/2024
2653;1;24/10/2023;N/A
2654;2;22/3/2024;16/3/2025
2655;2;12/11/2023;15/6/2024
2656;2;29/6/2023;2/12/2023
2657;1;27/3/2024;N/A
2658;3;17/1/2024;11/3/2024
2659;2;14/3/2024;11/10/2024
2660;4;11/11/2023;27/4/2024
2661;4;11/7/2023;19/4/2024
2662;5;24/3/2024;26/1/2025
2663;5;27/1/2024;15/7/2024
2664;3;24/3/2024;7/3/2025
2665;3;23/10/2023;15/5/2024
2666;3;22/5/2024;28/10/2024
2667;5;4/6/2024;5/2/2025
2668;4;18/11/2023;22/10/2024
2669;1;15/12/2023;N/A
2670;2;31/5/2024;5/7/2024
2671;4;15/7/2023;28/1/2024
2672;1;26/12/2023;N/A
2673;4;28/7/2023;15/3/2024
2674;5;11/1/2024;12/10/2024
2675;1;28/12/2023;N/A
2676;3;10/10/2023;28/11/2023
2677;3;12/7/2023;5/7/2024
2678;1;10/4/2024;N/A
2679;2;12/2/2024;24/5/2024
2680;4;8/7/2023;2/7/2024
2681;4;15/10/2023;12/3/2024
2682;3;21/11/2023;12/1/2024
2683;1;16/2/2024;N/A
2684;5;27/6/2023;2/8/2023
2685;2;23/4/2024;31/10/2024
2686;5;17/8/2023;24/5/2024
2687;3;27/5/2024;20/5/2025
2688;1;10/6/2024;N/A
2689;2;22/11/2023;16/8/2024
2690;5;2/4/2024;27/5/2024
2691;3;24/9/2023;31/3/2024
2692;3;8/7/2023;31/3/2024
2693;4;23/1/2024;30/6/2024
2694;2;8/9/2023;13/12/2023
2695;5;22/10/2023;15/12/2023
2696;2;5/5/2024;7/2/2025
2697;4;18/12/2023;16/12/2024
2698;1;31/1/2024;N/A
2699;2;31/8/2023;17/7/2024
2700;5;6/5/2024;13/3/2025
2701;2;17/5/2024;31/10/2024
2702;1;22/10/2023;N/A
2703;4;3/4/2024;12/11/2024
2704;1;22/9/2023;N/A
2705;3;17/9/2023;30/5/2024
2706;4;3/7/2023;9/3/2024
2707;2;3/7/2023;28/3/2024
2708;2;14/11/2023;24/1/2024
2709;3;13/6/2024;2/4/2025
2710;3;14/12/2023;28/4/2024
2711;5;1/9/2023;12/11/2023
2712;3;4/9/2023;28/8/2024
2713;2;24/12/2023;6/2/2024
2714;3;11/12/2023;12/3/2024
2715;3;23/6/2023;8/10/2023
2716;4;21/11/2023;31/1/2024
2717;1;26/3/2024;N/A
2718;5;16/10/2023;24/8/2024
2719;5;15/6/2024;4/2/2025
2720;2;30/11/2023;8/9/2024
2721;2;25/1/2024;24/10/2024
2722;1;5/11/2023;N/A
2723;5;20/1/2024;22/7/2024
2724;4;12/2/2024;30/7/2024
2725;3;24/6/2023;12/7/2023
2726;5;8/12/2023;16/4/2024
2727;3;27/11/2023;22/8/2024
2728;1;8/8/2023;N/A
2729;1;2/2/2024;N/A
2730;3;13/7/2023;16/9/2023
2731;4;12/10/2023;15/3/2024
2732;4;10/2/2024;1/1/2025
2733;2;21/8/2023;7/2/2024
2734;4;1/3/2024;24/12/2024
2735;3;26/4/2024;23/4/2025
2736;3;1/5/2024;17/2/2025
2737;4;18/2/2024;11/9/2024
2738;1;3/7/2023;N/A
2739;4;22/9/2023;29/6/2024
2740;5;30/1/2024;14/6/2024
2741;5;2/2/2024;22/8/2024
2742;3;8/7/2023;21/7/2023
2743;1;12/5/2024;N/A
2744;3;16/9/2023;3/1/2024
2745;1;14/2/2024;N/A
2746;2;19/8/2023;21/9/2023
2747;3;3/11/2023;27/5/2024
2748;4;29/8/2023;13/7/2024
2749;3;5/9/2023;4/11/2023
2750;3;18/4/2024;1/9/2024
2751;3;1/10/2023;6/3/2024
2752;2;1/2/2024;17/4/2024
2753;3;23/7/2023;3/8/2023
2754;5;21/8/2023;2/11/2023
2755;2;26/9/2023;23/7/2024
2756;5;17/12/2023;13/12/2024
2757;1;6/6/2024;N/A
2758;3;8/8/2023;17/6/2024
2759;1;3/5/2024;N/A
2760;3;9/1/2024;19/4/2024
2761;1;25/3/2024;N/A
2762;2;21/9/2023;10/6/2024
2763;1;20/8/2023;N/A
2764;4;1/3/2024;11/12/2024
2765;2;25/12/2023;26/2/2024
2766;1;29/10/2023;N/A
2767;3;21/9/2023;28/9/2023
2768;4;10/6/2024;3/10/2024
2769;5;11/12/2023;4/8/2024
2770;4;4/10/2023;10/10/2023
2771;4;13/12/2023;20/2/2024
2772;3;5/8/2023;10/8/2023
2773;4;25/10/2023;5/7/2024
2774;3;11/7/2023;24/5/2024
2775;4;10/6/2024;14/4/2025
2776;1;10/3/2024;N/A
2777;4;18/11/2023;30/6/2024
2778;2;29/2/2024;19/5/2024
2779;5;20/9/2023;3/11/2023
2780;2;17/12/2023;9/6/2024
2781;3;14/12/2023;11/3/2024
2782;2;18/1/2024;21/8/2024
2783;2;24/4/2024;16/5/2024
2784;2;21/2/2024;13/5/2024
2785;5;30/5/2024;9/11/2024
2786;4;15/1/2024;10/4/2024
2787;3;23/7/2023;25/12/2023
2788;1;15/10/2023;N/A
2789;1;13/12/2023;N/A
2790;2;21/7/2023;23/5/2024
2791;3;15/10/2023;27/11/2023
2792;5;8/6/2024;25/6/2024
2793;2;5/5/2024;30/1/2025
2794;5;25/2/2024;18/2/2025
2795;1;20/1/2024;N/A
2796;4;3/2/2024;11/6/2024
2797;5;11/8/2023;22/2/2024
2798;5;10/4/2024;26/3/2025
2799;3;1/3/2024;26/8/2024
2800;2;1/4/2024;26/6/2024
2801;1;18/10/2023;N/A
2802;3;11/6/2024;14/10/2024
2803;3;26/9/2023;30/12/2023
2804;2;13/11/2023;2/3/2024
2805;2;13/4/2024;5/12/2024
2806;1;25/11/2023;N/A
2807;1;28/5/2024;N/A
2808;5;8/10/2023;3/3/2024
2809;1;12/7/2023;N/A
2810;1;3/4/2024;N/A
2811;1;7/2/2024;N/A
2812;5;15/12/2023;7/12/2024
2813;3;23/12/2023;16/11/2024
2814;3;21/12/2023;5/11/2024
2815;1;13/7/2023;N/A
2816;1;26/10/2023;N/A
2817;3;3/2/2024;19/8/2024
2818;1;15/8/2023;N/A
2819;5;23/6/2023;3/2/2024
2820;2;6/11/2023;8/11/2023
2821;4;11/7/2023;26/4/2024
2822;2;8/7/2023;14/9/2023
2823;4;5/6/2024;23/12/2024
2824;5;20/4/2024;16/11/2024
2825;2;13/4/2024;5/6/2024
2826;1;12/12/2023;N/A
2827;3;11/8/2023;3/6/2024
2828;3;7/4/2024;10/3/2025
2829;2;3/12/2023;16/7/2024
2830;2;24/5/2024;10/8/2024
2831;5;1/11/2023;10/9/2024
2832;4;15/4/2024;23/10/2024
2833;4;15/8/2023;2/8/2024
2834;2;12/2/2024;18/9/2024
2835;1;24/7/2023;N/A
2836;2;15/1/2024;8/9/2024
2837;4;14/6/2024;6/2/2025
2838;1;7/10/2023;N/A
2839;2;27/6/2023;28/1/2024
2840;5;17/1/2024;4/9/2024
2841;3;3/8/2023;7/2/2024
2842;3;16/11/2023;23/7/2024
2843;3;19/7/2023;21/6/2024
2844;4;30/5/2024;8/1/2025
2845;2;18/1/2024;24/6/2024
2846;1;31/3/2024;N/A
2847;5;4/7/2023;3/1/2024
2848;1;18/6/2024;N/A
2849;3;28/11/2023;23/4/2024
2850;5;9/10/2023;25/4/2024
2851;2;14/2/2024;18/10/2024
2852;2;1/4/2024;13/3/2025
2853;3;21/1/2024;18/6/2024
2854;2;28/10/2023;10/4/2024
2855;1;2/7/2023;N/A
2856;4;1/4/2024;3/12/2024
2857;3;24/12/2023;11/9/2024
2858;5;21/4/2024;20/1/2025
2859;1;13/4/2024;N/A
2860;5;23/10/2023;25/1/2024
2861;3;26/10/2023;29/6/2024
2862;3;4/3/2024;11/12/2024
2863;3;27/2/2024;22/9/2024
2864;3;1/10/2023;30/12/2023
2865;2;4/3/2024;21/3/2024
2866;4;8/9/2023;18/2/2024
2867;2;22/11/2023;16/9/2024
2868;1;14/5/2024;N/A
2869;1;20/11/2023;N/A
2870;3;10/8/2023;5/11/2023
2871;5;27/4/2024;9/10/2024
2872;4;23/5/2024;28/12/2024
2873;5;17/12/2023;11/5/2024
2874;4;1/4/2024;5/7/2024
2875;1;2/3/2024;N/A
2876;5;29/7/2023;2/9/2023
2877;4;25/6/2023;23/10/2023
2878;2;9/7/2023;3/7/2024
2879;3;28/5/2024;16/10/2024
2880;1;25/10/2023;N/A
2881;5;19/9/2023;14/12/2023
2882;1;15/10/2023;N/A
2883;2;7/12/2023;6/8/2024
2884;2;8/11/2023;25/10/2024
2885;3;26/2/2024;5/5/2024
2886;3;15/8/2023;11/6/2024
2887;1;11/5/2024;N/A
2888;5;18/2/2024;24/12/2024
2889;2;8/4/2024;14/9/2024
2890;4;20/1/2024;1/11/2024
2891;4;26/12/2023;9/7/2024
2892;3;30/5/2024;5/2/2025
2893;3;1/9/2023;9/8/2024
2894;5;24/1/2024;9/12/2024
2895;4;8/7/2023;27/11/2023
2896;5;24/11/2023;29/2/2024
2897;2;12/3/2024;7/8/2024
2898;3;19/5/2024;16/6/2024
2899;1;28/6/2023;N/A
2900;5;24/10/2023;27/5/2024
2901;2;9/2/2024;23/2/2024
2902;1;9/3/2024;N/A
2903;3;3/5/2024;3/9/2024
2904;5;21/5/2024;9/1/2025
2905;2;9/5/2024;26/8/2024
2906;1;16/6/2024;N/A
2907;2;29/3/2024;10/4/2024
2908;3;13/6/2024;20/10/2024
2909;1;11/5/2024;N/A
2910;1;7/3/2024;N/A
2911;2;28/7/2023;27/6/2024
2912;4;17/1/2024;29/4/2024
2913;2;30/8/2023;27/2/2024
2914;2;27/8/2023;12/2/2024
2915;4;27/3/2024;18/9/2024
2916;4;3/11/2023;23/12/2023
2917;1;23/5/2024;N/A
2918;2;17/2/2024;30/10/2024
2919;5;6/8/2023;9/10/2023
2920;5;10/4/2024;5/9/2024
2921;5;5/7/2023;24/1/2024
2922;3;23/12/2023;10/3/2024
2923;5;14/5/2024;20/11/2024
2924;5;25/6/2023;24/8/2023
2925;3;20/12/2023;28/3/2024
2926;5;27/1/2024;4/5/2024
2927;2;14/10/2023;29/6/2024
2928;4;11/7/2023;13/10/2023
2929;4;19/8/2023;31/5/2024
2930;5;7/6/2024;7/2/2025
2931;1;3/9/2023;N/A
2932;3;3/7/2023;1/3/2024
2933;4;25/2/2024;8/12/2024
2934;5;17/4/2024;23/12/2024
2935;5;6/10/2023;18/10/2023
2936;2;8/7/2023;3/5/2024
2937;5;15/6/2024;27/10/2024
2938;3;4/12/2023;25/10/2024
2939;4;17/9/2023;20/6/2024
2940;3;31/7/2023;25/3/2024
2941;5;25/5/2024;14/8/2024
2942;4;9/6/2024;3/10/2024
2943;2;20/5/2024;5/3/2025
2944;2;8/6/2024;1/10/2024
2945;3;16/11/2023;12/5/2024
2946;4;26/11/2023;27/3/2024
2947;3;24/5/2024;27/3/2025
2948;5;15/5/2024;7/3/2025
2949;5;18/11/2023;22/1/2024
2950;4;11/5/2024;30/12/2024
2951;2;29/3/2024;18/4/2024
2952;2;10/11/2023;12/12/2023
2953;1;21/7/2023;N/A
2954;4;23/11/2023;25/11/2023
2955;1;28/4/2024;N/A
2956;4;28/6/2023;30/8/2023
2957;1;19/9/2023;N/A
2958;3;12/5/2024;26/6/2024
2959;1;28/10/2023;N/A
2960;2;24/6/2023;29/9/2023
2961;4;6/9/2023;22/8/2024
2962;2;7/1/2024;20/8/2024
2963;4;2/11/2023;10/7/2024
2964;1;21/2/2024;N/A
2965;1;20/6/2024;N/A
2966;5;19/3/2024;24/3/2024
2967;2;13/3/2024;26/3/2024
2968;2;20/8/2023;26/2/2024
2969;2;14/10/2023;26/10/2023
2970;4;15/9/2023;22/8/2024
2971;4;10/4/2024;30/9/2024
2972;5;7/9/2023;21/6/2024
2973;4;27/3/2024;24/6/2024
2974;4;26/11/2023;7/9/2024
2975;3;20/12/2023;13/11/2024
2976;5;28/9/2023;28/4/2024
2977;5;1/4/2024;8/2/2025
2978;4;17/10/2023;21/5/2024
2979;4;10/8/2023;8/7/2024
2980;1;25/11/2023;N/A
2981;2;23/6/2023;22/5/2024
2982;4;4/8/2023;5/12/2023
2983;3;13/12/2023;18/11/2024
2984;3;16/8/2023;3/6/2024
2985;3;26/8/2023;15/2/2024
2986;5;29/3/2024;17/10/2024
2987;1;30/3/2024;N/A
2988;3;17/10/2023;1/10/2024
2989;2;26/11/2023;20/11/2024
2990;4;12/1/2024;12/4/2024
2991;1;19/8/2023;N/A
2992;3;26/2/2024;13/11/2024
2993;4;14/2/2024;9/4/2024
2994;2;24/12/2023;22/6/2024
2995;1;27/9/2023;N/A
2996;4;7/9/2023;10/10/2023
2997;4;18/12/2023;1/8/2024
2998;4;8/6/2024;20/1/2025
2999;1;19/10/2023;N/A
3000;3;12/12/2023;11/7/2024
